Album;Year;Genre I;Genre II;Rating
Tangerine Dream - Phaedra;2015;Electronic;;Classic
Radiohead - Kid A;2016;Electronic;;Classic
Daft Punk - Discovery;;Electronic;;Classic
Aphex Twin - Selected Ambient Works 85-92;;Electronic;;Classic
A.A.L (Against All Logic) - 2012-2017;;Electronic;;9 / 10
Sophie - Product;2015;Electronic;;8 / 10
Oneohtrix Point Never - Garden of Delete;2015;Electronic;;8 / 10
Iglooghost - Chinese Nu Yr;2015;Electronic;;8 / 10
Matmos - Ultimate Care II;2016;Electronic;;8 / 10
Massive Attack - Ritual Spirit;2016;Electronic;;8 / 10
Iglooghost - Neo Wax Bloom;2017;Electronic;;8 / 10
Forest Swords - Compassion;2017;Electronic;;8 / 10
Ibibio Sound Machine - Uyai;2017;Electronic;;8 / 10
Sinjin Hawke - First Opus;2017;Electronic;;8 / 10
Meridian Brothers - Los Suicidas;2016;Electronic;;7 / 10
The Avalanches - Wildflower;2016;Electronic;Hip-Hop;7 / 10
Bicep - Bicep;2017;Electronic;;7 / 10
Nmesh - Pharma;2017;Electronic;;7 / 10
Blanck Mass - World Eater;2017;Electronic;;7 / 10
Jon Hopkins - Singularity;2018;Electronic;;7 / 10
Disclosure - Caracal;2015;Electronic;;6 / 10
Arca - Mutant;2015;Electronic;;6 / 10
Kaytranada - 99.9%;2016;Electronic;;6 / 10
Nicolas Jaar - Sirens;2016;Electronic;;6 / 10
Baauer - Aa;2016;Electronic;;6 / 10
2 8 1 4 - Rain Temple;2016;Electronic;;6 / 10
Ash Koosha - I AKA I;2016;Electronic;;6 / 10
LCD Soundsystem - American Dream;2017;Electronic;;6 / 10
Oneohtrix Point Never - Age Of;2018;Electronic;;6 / 10
Health - Death Magic;2015;Electronic;;5 / 10
James Blake - The Colour in Anything;2016;Electronic;;5 / 10
Tim Hecker - Love Streams;2016;Electronic;;5 / 10
Flume - Skin;2016;Electronic;;5 / 10
Justice - Woman;2016;Electronic;;5 / 10
Arca - Self-Titled;2017;Electronic;;5 / 10
Daniel Avery - Song for Alpha;2018;Electronic;;5 / 10
Crystal Castles - Amnesty (I);2016;Electronic;;4 / 10
Various Artists - Star Wars Headspace;2016;Electronic;;2 / 10
Gas - Narkopop;;Electronic;;2 / 10
"The Avalanches - ""Frankie Sinatra"" ft. Danny Brown & MF DOOM";2016;Electronic;Hip-Hop;
N.W.A. - Straight Outta Compton;2015;Hip-Hop;;Classic
DJ Shadow - Endtroducing.....;2016;Hip-Hop;;Classic
Nas - Illmatic;2016;Hip-Hop;;Classic
OutKast - ATliens;2017;Hip-Hop;;Classic
Lauryn Hill - The Miseducation of Lauryn Hill;;Hip-Hop;;Classic
A Tribe Called Quest - We Got It from Here... Thank You 4 Your Service;2016;Hip-Hop;;9 / 10
Death Grips - Bottomless Pit;2016;Hip-Hop;;9 / 10
Danny Brown - Atrocity Exhibition;2016;Hip-Hop;;9 / 10
Big K.R.I.T. - 4eva Is a Mighty Long Time;2017;Hip-Hop;;9 / 10
Brockhampton - Saturation;2017;Hip-Hop;;9 / 10
The Game - The Documentary 2.5;2015;Hip-Hop;;8 / 10
milo - so the flies don't come;2015;Hip-Hop;;8 / 10
The Underachievers - Evermore: The Art of Duality;2015;Hip-Hop;;8 / 10
Travis Scott - Rodeo;2015;Hip-Hop;;8 / 10
clipping. - Splendor & Misery;2016;Hip-Hop;;8 / 10
Noname - Telefone;2016;Hip-Hop;;8 / 10
Kanye West - The Life of Pablo (Redux);2016;Hip-Hop;;8 / 10
Ka - Honor Killed the Samurai;2016;Hip-Hop;;8 / 10
Run the Jewels - RTJ3;2016;Hip-Hop;;8 / 10
Denzel Curry - Imperial;2016;Hip-Hop;;8 / 10
YG - Still Brazy;2016;Hip-Hop;;8 / 10
Injury Reserve - Floss;2016;Hip-Hop;;8 / 10
Kendrick Lamar - untitled unmastered.;2016;Hip-Hop;;8 / 10
Aesop Rock - The Impossible Kid;2016;Hip-Hop;;8 / 10
JAY-Z - 4:44;2017;Hip-Hop;;8 / 10
Wiley - Godfather;2017;Hip-Hop;;8 / 10
Uncommon Nasa - Written at Night;2017;Hip-Hop;;8 / 10
Princess Nokia - 1992 Deluxe;2017;Hip-Hop;;8 / 10
Joey Bada$$ - All-Amerikkkan Bada$$;2017;Hip-Hop;;8 / 10
Quelle Chris - Being You Is Great, I Wish I Could Be You More Often ;2017;Hip-Hop;;8 / 10
Brockhampton - Saturation III;2017;Hip-Hop;;8 / 10
Rapsody - Laila's Wisdom;2017;Hip-Hop;;8 / 10
Billy Woods - Known Unknowns;2017;Hip-Hop;;8 / 10
Open Mike Eagle - Brick Body Kids Still Daydream;2017;Hip-Hop;;8 / 10
Brockhampton - Saturation II;2017;Hip-Hop;;8 / 10
Tyler, the Creator - Flower Boy;2017;Hip-Hop;;8 / 10
Pusha T - DAYTONA;2018;Hip-Hop;;8 / 10
Black Thought & 9th Wonder - Streams of Thought, Vol. 1;2018;Hip-Hop;;8 / 10
Kanye West - ye;2018;Hip-Hop;;8 / 10
JPEGMAFIA - Veteran;2018;Hip-Hop;;8 / 10
Jean Grae x Quelle Chris - Everything's Fine;;Hip-Hop;;8 / 10
Young Thug & Carnage - Young Martha EP;;Hip-Hop;;8 / 10
Waka Flocka Flame - Flockaveli 1.5;2015;Hip-Hop;;7 / 10
Mac Miller - GO:OD AM;2015;Hip-Hop;;7 / 10
Freddie Gibbs - Shadow of a Doubt;2015;Hip-Hop;;7 / 10
Pusha T - King Push Darkest Before Dawn: The Prelude;2015;Hip-Hop;;7 / 10
Dr. Dre - Compton: A Soundtrack;2015;Hip-Hop;;7 / 10
Wiki - Lil Me;2015;Hip-Hop;;7 / 10
Kemba - Negus;2016;Hip-Hop;;7 / 10
Apathy - Handshakes with Snakes;2016;Hip-Hop;;7 / 10
NxWorries - Yes Lawd!;2016;Hip-Hop;;7 / 10
Clams Casino - 32 Levels;2016;Hip-Hop;;7 / 10
Bones - Useless;2016;Hip-Hop;;7 / 10
Young Thug - Jeffery;2016;Hip-Hop;;7 / 10
Open Mike Eagle & Paul White - Hella Personal Film Festival;2016;Hip-Hop;;7 / 10
clipping. - Wriggle;2016;Hip-Hop;;7 / 10
Skepta - Konnichiwa;2016;Hip-Hop;;7 / 10
Kano - Made in the Manor;2016;Hip-Hop;;7 / 10
Lil Yachty - Lil Boat;2016;Hip-Hop;;7 / 10
Vince Staples - Prima Donna;2016;Hip-Hop;;7 / 10
Chance the Rapper - Coloring Book;2016;Hip-Hop;;7 / 10
Mr. Yote - The Terrible Tales of Scurvy Jones;2016;Hip-Hop;;7 / 10
Joey Purp - iiiDrops;2016;Hip-Hop;;7 / 10
Ab-Soul - Do What Thou Wilt.;2016;Hip-Hop;;7 / 10
milo - who told you to think??!!?!?!?!;2017;Hip-Hop;;7 / 10
Lou the Human - Humaniac;2017;Hip-Hop;;7 / 10
wifisfuneral - Boy Who Cried Wolf;2017;Hip-Hop;;7 / 10
Kendrick Lamar - DAMN.;2017;Hip-Hop;;7 / 10
Your Old Droog - Packs;2017;Hip-Hop;;7 / 10
Injury Reserve - Drive It Like It's Stolen EP;2017;Hip-Hop;;7 / 10
Jonwayne - Rap Album Two;2017;Hip-Hop;;7 / 10
Lil Pump - Lil Pump;2017;Hip-Hop;;7 / 10
21 Savage, Offset & Metro Boomin - Without Warning;2017;Hip-Hop;;7 / 10
Migos - Culture;2017;Hip-Hop;;7 / 10
N*E*R*D - NO_ONE EVER REALLY DIES;2017;Hip-Hop;;7 / 10
CupcakKe - Ephorize;2018;Hip-Hop;;7 / 10
Post Malone - beerbongs & bentleys;2018;Hip-Hop;;7 / 10
Tierra Whack - Whack World;2018;Hip-Hop;;7 / 10
CZARFACE & MF DOOM - Czarface Meets Metal Face;2018;Hip-Hop;;7 / 10
Playboi Carti - Die Lit;2018;Hip-Hop;;7 / 10
Ski Mask the Slump God - Beware the Book of Eli;2018;Hip-Hop;;7 / 10
Lil Yachty - Lil Boat 2;2018;Hip-Hop;;7 / 10
Ty Dolla $ign - Free TC;2015;Hip-Hop;;6 / 10
Mick Jenkins - Wave[s];2015;Hip-Hop;;6 / 10
The Game - The Documentary 2;2015;Hip-Hop;;6 / 10
Busdriver - Thumbs;2015;Hip-Hop;;6 / 10
Logic - The Incredible True Story;2015;Hip-Hop;;6 / 10
Drake & Future - What a Time to Be Alive;2015;Hip-Hop;;6 / 10
Jay Rock - 90059;2015;Hip-Hop;;6 / 10
Cavanaugh - Time and Materials;2015;Hip-Hop;;6 / 10
Gucci Mane - Everybody Looking;2016;Hip-Hop;;6 / 10
DJ Khaled - Major Key;2016;Hip-Hop;;6 / 10
Kanye West - The Life of Pablo;2016;Hip-Hop;;6 / 10
Bones - PaidProgramming2;2016;Hip-Hop;;6 / 10
Isaiah Rashad - The Sun's Tirade;2016;Hip-Hop;;6 / 10
J. Cole - 4 Your Eyez Only;2016;Hip-Hop;;6 / 10
Macklemore & Ryan Lewis - This Unruly Mess I've Made;2016;Hip-Hop;;6 / 10
Czarface - A Fistful of Peril;2016;Hip-Hop;;6 / 10
Flatbush Zombies - 3001: A Laced Odyssey;2016;Hip-Hop;;6 / 10
Future - EVOL;2016;Hip-Hop;;6 / 10
Rae Sremmurd - Sremmlife 2;2016;Hip-Hop;;6 / 10
"Babyfather - ""BBF"" Hosted by DJ Escrow";2016;Hip-Hop;Other;6 / 10
Lupe Fiasco - DROGAS Light;2017;Hip-Hop;;6 / 10
Vic Mensa - The Autobiography;2017;Hip-Hop;;6 / 10
Smokepurpp - Deadstar;2017;Hip-Hop;;6 / 10
The Underachievers - Renaissance;2017;Hip-Hop;;6 / 10
Armand Hammer - Rome;2017;Hip-Hop;;6 / 10
Big Sean - I Decided;2017;Hip-Hop;;6 / 10
Action Bronson - Blue Chips 7000;2017;Hip-Hop;;6 / 10
Ski Mask the Slump God - YouWillRegret;2017;Hip-Hop;;6 / 10
Freddie Gibbs - You Only Live 2wice;2017;Hip-Hop;;6 / 10
Bedwetter - Flick Your Tongue Against Your Teeth and Describe the Present;2017;Hip-Hop;;6 / 10
Rick Ross - Rather You Than Me;2017;Hip-Hop;;6 / 10
Yung Lean - Stranger;2017;Hip-Hop;;6 / 10
Vince Staples - Big Fish Theory;2017;Hip-Hop;;6 / 10
Travis Scott & Quavo - Huncho Jack, Jack Huncho;2017;Hip-Hop;;6 / 10
Rico Nasty - Nasty;2018;Hip-Hop;;6 / 10
Nas - Nasir;2018;Hip-Hop;;6 / 10
Flatbush Zombies - Vacation in Hell;2018;Hip-Hop;;6 / 10
Rich Brian - Amen;2018;Hip-Hop;;6 / 10
SOB x RBE - Gangin;2018;Hip-Hop;;6 / 10
Various Artists - Black Panther The Album;2018;Hip-Hop;;6 / 10
PRhyme - PRhyme 2;2018;Hip-Hop;;6 / 10
Cardi B - Invasion of Privacy;2018;Hip-Hop;;6 / 10
Dizzee Rascal - Raskit;;Hip-Hop;;6 / 10
Fetty Wap - Self-Titled;2015;Hip-Hop;;5 / 10
Big K.R.I.T. - It's Better This Way;2015;Hip-Hop;;5 / 10
Raury - All We Need;2015;Hip-Hop;;5 / 10
Kirk Knight - Late Knight Special;2015;Hip-Hop;;5 / 10
ScHoolboy Q - Blank Face LP;2016;Hip-Hop;;5 / 10
Common - Black America Again;2016;Hip-Hop;;5 / 10
Mick Jenkins - The Healing Component;2016;Hip-Hop;;5 / 10
Lil Ugly Mane - Oblivion Access;2016;Hip-Hop;;5 / 10
Bas - Too High To Riot;2016;Hip-Hop;;5 / 10
A$AP Mob - The Cozy Tapes Vol. 1: Friends-;2016;Hip-Hop;;5 / 10
Young Thug - Slime Season 3;2016;Hip-Hop;;5 / 10
The Game - 1992;2016;Hip-Hop;;5 / 10
Vic Mensa - There's Alot Going On;2016;Hip-Hop;;5 / 10
Logic - Bobby Tarantino;2016;Hip-Hop;;5 / 10
Lil Yachty - Summer Songs 2;2016;Hip-Hop;;5 / 10
Little Simz - Stillness in Wonderland;2016;Hip-Hop;;5 / 10
Young Thug - I'm Up;2016;Hip-Hop;;5 / 10
Shabazz Palaces - Quazarz;2017;Hip-Hop;3 / 10;5 / 10
Lil B - Black Ken;2017;Hip-Hop;;5 / 10
Young Thug - Beautiful Thugger Girls;2017;Hip-Hop;;5 / 10
Kodak Black - Project Baby 2;2017;Hip-Hop;;5 / 10
Future - Self-Titled;2017;Hip-Hop;;5 / 10
Big Sean & Metro Boomin - Double or Nothing;2017;Hip-Hop;;5 / 10
Gucci Mane - Mr. Davis;2017;Hip-Hop;;5 / 10
Future & Young Thug - Super Slimey;2017;Hip-Hop;;5 / 10
Amine - Good for You;2017;Hip-Hop;;5 / 10
GoldLink - At What Cost;2017;Hip-Hop;;5 / 10
Cyhi the Prynce - No Dope on Sundays;2017;Hip-Hop;;5 / 10
Ugly God - The Booty Tape;2017;Hip-Hop;;5 / 10
Drake - More Life;2017;Hip-Hop;;5 / 10
Trippie Redd - A Love Letter to You 2;2017;Hip-Hop;;5 / 10
Skepta - Vicious;2017;Hip-Hop;;5 / 10
Logic - Everybody;2017;Hip-Hop;;5 / 10
Wiley - Godfather II;2018;Hip-Hop;;5 / 10
Logic - Bobby Tarantino II;2018;Hip-Hop;;5 / 10
J. Cole - KOD;2018;Hip-Hop;;5 / 10
Juice WRLD - Goodbye & Good Riddance;2018;Hip-Hop;;5 / 10
Archy Marshall - A New Place 2 Drown;2015;Hip-Hop;;4 / 10
G-Eazy - When It's Dark Out;2015;Hip-Hop;;4 / 10
M.E.D. Blu and Madlib - Bad Neighbor;2015;Hip-Hop;;4 / 10
Mac Miller - The Divine Feminine;2016;Hip-Hop;;4 / 10
Kid Cudi - Passion, Pain & Demon Slayin';2016;Hip-Hop;;4 / 10
M.I.A. - AIM;2016;Hip-Hop;;4 / 10
Domo Genesis - Genesis;2016;Hip-Hop;;4 / 10
Lil Uzi Vert - Lil Uzi Vert vs. The World;2016;Hip-Hop;;4 / 10
Drake - Views;2016;Hip-Hop;Pop;4 / 10
Hopsin - No Shame;2017;Hip-Hop;;4 / 10
A$AP Mob - Cozy Tapes Vol. 2: Too Cozy;2017;Hip-Hop;;4 / 10
Kodak Black - Painting Pictures;2017;Hip-Hop;;4 / 10
Jaden Smith - SYRE;2017;Hip-Hop;;4 / 10
Migos - Culture II;2018;Hip-Hop;;4 / 10
Jay Rock - Redemption;2018;Hip-Hop;;4 / 10
Drake - Scorpion;2018;Hip-Hop;;4 / 10
A$AP Rocky - Testing;2018;Hip-Hop;;4 / 10
XXXTENTACION - ?;2018;Hip-Hop;;4 / 10
Rae Sremmurd - SR3MM;2018;Hip-Hop;;4 / 10
Machine Gun Kelly - General Admission;2015;Hip-Hop;;3 / 10
Kodak Black - Lil Big Pac;2016;Hip-Hop;;3 / 10
Lil Uzi Vert - The Perfect LUV Tape;2016;Hip-Hop;;3 / 10
Travis Scott - Birds in the Trap Sing McKnight;2016;Hip-Hop;;3 / 10
Yung Lean - Warlord;2016;Hip-Hop;;3 / 10
Lil Uzi Vert - Luv Is Rage 2;2017;Hip-Hop;;3 / 10
Macklemore - Gemini;2017;Hip-Hop;;3 / 10
21 Savage - Issa Album;2017;Hip-Hop;;3 / 10
6ix9ine - Day69;2018;Hip-Hop;;3 / 10
Tory Lanez - Memories Don't Die;2018;Hip-Hop;;3 / 10
Goldlink - And After That, We Didn't Talk;2015;Hip-Hop;;2 / 10
Spark Master Tape - Silhouette of a Sunkken City;2016;Hip-Hop;;2 / 10
A$AP Ferg - Always Strive and Prosper;2016;Hip-Hop;;2 / 10
Lil Yachty - Teenage Emotions;2017;Hip-Hop;;2 / 10
Eminem - Revival;2017;Hip-Hop;;2 / 10
XXXTentacion - 17;;Hip-Hop;;2 / 10
Kids See Ghosts - KIDS SEE GHOSTS;2018;Hip-Hop;;10 / 10
Bladee - Red Light;2018;Hip-Hop;;1 / 10
"Macklemore and Ryan Lewis - ""Downtown""";2015;Hip-Hop;Pop;
"Kendrick Lamar and J. Cole - ""Black Friday""";2015;Hip-Hop;;
Cal Chuchesta - The New CALassic;2015;Hip-Hop;;
Run the Jewels - Meow the Jewels;2015;Hip-Hop;;
"Kanye West - ""No More Parties in LA""";2016;Hip-Hop;;
"Kanye West - ""Facts""";2016;Hip-Hop;;
"Joey Bada$$ - ""Ready""";2016;Hip-Hop;;
Post Malone - August 26th;2016;Hip-Hop;;
"Kanye West - ""Real Friends""";2016;Hip-Hop;;
Post Malone - Stoney;2016;Hip-Hop;;
21 Savage & Metro Boomin - Savage Mode;2016;Hip-Hop;;
"B.o.B - ""Flatline"" & Tyson - ""Flat to Fact""";2016;Hip-Hop;;
Desiigner - New English;2016;Hip-Hop;;
"Death Grips - ""Hot Head""";2016;Hip-Hop;;
"Death Grips - ""More Than the Fairy"" ft. Les Claypool";2016;Hip-Hop;;
"Macklemore & Ryan Lewis - ""White Privilege II""";2016;Hip-Hop;;
Quality Control - Control the Streets, Vol. 1;2017;Hip-Hop;;
Lil Peep - Come Over When You're Sober, Pt. 1;2017;Hip-Hop;;
Gucci Mane - El Gato: The Human Glacier;2017;Hip-Hop;;
Pink Guy - Pink Season;2017;Hip-Hop;;
Death Grips - Steroids (Crouching Tiger Hidden Gabber Megamix);2017;Hip-Hop;;
Future - HNDRXX;2017;Hip-Hop;;
B.o.B - Ether;2017;Hip-Hop;;
Brain (Lil Dicky) - I'm Brain;2017;Hip-Hop;;
Wale - Shine;2017;Hip-Hop;;
Nav - Reckless;2018;Hip-Hop;;
Rejjie Snow - Dear Annie;2018;Hip-Hop;;
Saba - CARE FOR ME;2018;Hip-Hop;;
Freddie Gibbs - Freddie;2018;Hip-Hop;;
Lil Xan - Total Xanarchy;2018;Hip-Hop;;
"Kendrick Lamar - ""HUMBLE.""__-";;Hip-Hop;;
Wendy's - We Beefin?__-;;Hip-Hop;;
Felix Blume - Death in Haiti;2018;Other;;Unrated / 10 (Liked it)
"The Microphones - ""The Glow"" Pt. 2";2016;Other;;Classic
Tom Waits - Rain Dogs;2017;Other;;Classic
Jon Benjamin - well, i should have...*;2015;Other;;BUTTSECKS / 10
Death Grips - Year of the Snitch;2018;Other;;9 / 10
Sturgill Simpson - A Sailor's Guide to Earth;2016;Other;;8 / 10
Nick Cave & The Bad Seeds - Skeleton Tree;2016;Other;;8 / 10
The Mountain Goats - Goths;2017;Other;;8 / 10
Dayme Arocena - Cubafonia;2017;Other;;8 / 10
Fleet Foxes - Crack-Up;2017;Other;;8 / 10
Anna von Hausswolff - Dead Magic;2018;Other;;8 / 10
Sons of Kemet - Your Queen Is a Reptile;2018;Other;;8 / 10
Whitey Morgan and the 78's - Sonic Ranch;2015;Other;;7 / 10
Christian Scott aTunde Adjuah - Stretch Music;2015;Other;;7 / 10
Benjamin Clementine - At Least For Now;2016;Other;;7 / 10
BADBADNOTGOOD - IV;2016;Other;;7 / 10
Deakin - Sleep Cycle;2016;Other;;7 / 10
Makaya McCraven - Highly Rare;2017;Other;;7 / 10
Chris Stapleton - From A Room, Vol. 2;2017;Other;;7 / 10
Mark Kozelek - Mark Kozelek;2018;Other;;7 / 10
John Prine - The Tree of Forgiveness;2018;Other;;7 / 10
Father John Misty - God's Favorite Customer;2018;Other;;7 / 10
First Aid Kit - Ruins;2018;Other;;7 / 10
Anna von Hausswolff - The Miraculous;2015;Other;;6 / 10
Jesu / Sun Kil Moon - Self-Titled;2016;Other;;6 / 10
Lucinda Williams - The Ghosts of Highway 20;2016;Other;;6 / 10
Kamasi Washington - Heaven and Earth;2018;Other;;6 / 10
Park Jiha - Communion;2018;Other;;6 / 10
Bon Iver - 22, A Million;2016;Other;;5 / 10
Benjamin Clementine - I Tell a Fly;2017;Other;;5 / 10
Sufjan Stevens, Nico Muhly, Bryce Dessner, James McAlister - Planetarium;2017;Other;;5 / 10
Laura Marling - Semper Femina;2017;Other;;5 / 10
King Krule - The OOZ;2017;Other;;4 / 10
Michael Jackson - Thriller;;Pop;;Classic
Julia Holter - Have You in My Wilderness;2015;Pop;;9 / 10
FKA twigs - M3LL155X;2015;Pop;;9 / 10
Rina Sawayama - RINA;2017;Pop;;9 / 10
Frank Ocean - Endless;2018;Pop;;8 / 10
Joanna Newsom - Divers;2015;Pop;;8 / 10
Lemon Demon - Spirit Phone;2016;Pop;;8 / 10
Regina Spektor - Remember Us to Life;2016;Pop;;8 / 10
Xenia Rubinos - Black Terry Cat;2016;Pop;;8 / 10
Charli XCX - Vroom Vroom;2016;Pop;;8 / 10
Beyonce - Lemonade;2016;Pop;;8 / 10
Carly Rae Jepsen - Emotion: Side B;2016;Pop;;8 / 10
Frank Ocean - Blonde;2016;Pop;;8 / 10
Crying - Beyond the Fleeting Gales;2016;Pop;;8 / 10
Solange - A Seat at the Table;2016;Pop;;8 / 10
Kero Kero Bonito - Bonito Generation;2016;Pop;Hip-Hop;8 / 10
Alex Cameron - Forced Witness;2017;Pop;;8 / 10
Alvvays - Antisocialites;2017;Pop;;8 / 10
Sharon Jones & The Dap-Kings - Soul of a Woman;2017;Pop;;8 / 10
Kelela - Take Me Apart;2017;Pop;;8 / 10
Perfume Genius - No Shape;2017;Pop;;8 / 10
Xiu Xiu - FORGET;2017;Pop;;8 / 10
Ariel Pink - Dedicated to Bobby Jameson;2017;Pop;;8 / 10
Guerilla Toss - GT ULTRA;2017;Pop;;8 / 10
Kirin J Callinan - Bravado;2017;Pop;;8 / 10
Sampha - Process;2017;Pop;;8 / 10
Kali Uchis - Isolation;2018;Pop;;8 / 10
Janelle Monae - Dirty Computer;2018;Pop;;8 / 10
MGMT - Little Dark Age;2018;Pop;;8 / 10
U.S. Girls - In a Poem Unlimited;2018;Pop;;8 / 10
SOPHIE - Oil of Every Pearl's Un-Insides;2018;Pop;Electronic;8 / 10
Dam-Funk - Invite the Light;2015;Pop;;7 / 10
Neon Indian - VEGA INTL. Night School;2015;Pop;;7 / 10
Grimes - Art Angels;2015;Pop;;7 / 10
Adele - 25;2015;Pop;;7 / 10
Carly Rae Jepsen - Emotion;2015;Pop;;7 / 10
Olga Bell - Tempo;2016;Pop;;7 / 10
Anderson .Paak - Malibu;2016;Pop;;7 / 10
case / lang / veirs - Self-Titled;2016;Pop;;7 / 10
Santigold - 99 Cents;2016;Pop;;7 / 10
Chairlift - Moth;2016;Pop;;7 / 10
Sleigh Bells - Jessica Rabbit;2016;Pop;;7 / 10
Bruno Mars - 24K Magic;2016;Pop;;7 / 10
The Magnetic Fields - 50 Song Memoir;2017;Pop;;7 / 10
Bjork - Utopia;2017;Pop;;7 / 10
Dirty Projectors - Self-Titled;2017;Pop;;7 / 10
Paramore - After Laughter;2017;Pop;;7 / 10
Mac DeMarco - This Old Dog;2017;Pop;;7 / 10
Kesha - Rainbow;2017;Pop;;7 / 10
Lorde - Melodrama;2017;Pop;;7 / 10
Alice Glass - Self-Titled EP;2017;Pop;;7 / 10
Corbin - Mourn;2017;Pop;;7 / 10
Daniel Caesar - Freudian;2017;Pop;;7 / 10
Charli XCX - Number 1 Angel;2017;Pop;;7 / 10
Charli XCX - Pop 2;2017;Pop;;7 / 10
Ibeyi - Ash;2017;Pop;;7 / 10
SZA - Ctrl;2017;Pop;;7 / 10
Foxygen - Hang;2017;Pop;Rock;7 / 10
David Byrne - American Utopia;2018;Pop;;7 / 10
Beach House - 7;2018;Pop;;7 / 10
Kimbra - Primal Heart;2018;Pop;;7 / 10
Superorganism - Self-Titled;2018;Pop;;7 / 10
NIKI - Zephyr;2018;Pop;;7 / 10
New Order - Music Complete;2015;Pop;;6 / 10
Deradoorian - The Expanding Flower Planet;2015;Pop;;6 / 10
Erykah Badu - But You Caint Use My Phone;2015;Pop;;6 / 10
Beach House - Depression Cherry;2015;Pop;;6 / 10
Lady Gaga - Joanne;2016;Pop;;6 / 10
Glass Animals - How to Be a Human Being;2016;Pop;;6 / 10
ANOHNI - Hopelessness;2016;Pop;;6 / 10
Boots - AQUARIA;2016;Pop;;6 / 10
Blood Orange - Freetown Sound;2016;Pop;;6 / 10
Everything Everything - A Fever Dream;2017;Pop;;6 / 10
Lana Del Rey - Lust for Life;2017;Pop;;6 / 10
St. Vincent - MASSEDUCTION;2017;Pop;;6 / 10
Future Islands - The Far Field;2017;Pop;;6 / 10
Zola Jesus - Okovi;2017;Pop;;6 / 10
Jens Lekman - Life Will See You Now;2017;Pop;;6 / 10
Katy Perry - Witness;2017;Pop;;6 / 10
Poppy - Poppy.Computer;2017;Pop;;6 / 10
The xx - I See You;2017;Pop;Electronic;6 / 10
Gorillaz - The Now Now;2018;Pop;;6 / 10
BTS - Love Yourself 'Tear';2018;Pop;;6 / 10
Young Fathers - Cocoa Sugar;2018;Pop;;6 / 10
Teyana Taylor - K.T.S.E.;2018;Pop;;6 / 10
Coldplay - A Head Full of Dreams;2015;Pop;;5 / 10
The Weeknd - Beauty Behind the Madness;2015;Pop;;5 / 10
Justin Bieber - Purpose;2015;Pop;;5 / 10
Beach House - Thank Your Lucky Stars;2015;Pop;;5 / 10
CHVRCHES - Every Open Eye;2015;Pop;;5 / 10
Lana Del Rey - Honeymoon;2015;Pop;;5 / 10
Animal Collective - Painting With;2016;Pop;;5 / 10
Bat for Lashes - The Bride;2016;Pop;;5 / 10
Wild Nothing - Life of Pause;2016;Pop;;5 / 10
The Weeknd - Starboy;2016;Pop;;5 / 10
of Montreal - Innocence Reaches;2016;Pop;;5 / 10
Banks - The Altar;2016;Pop;;5 / 10
Porches - Pool;2016;Pop;;5 / 10
Jon Bellion - The Human Condition;2016;Pop;Hip-Hop;5 / 10
Fever Ray - Plunge;2017;Pop;;5 / 10
alt-J - Relaxer;2017;Pop;;5 / 10
Haim - Something to Tell You;2017;Pop;;5 / 10
The Flaming Lips - Oczy Mlody;2017;Pop;;5 / 10
Destroyer - ken;2017;Pop;;5 / 10
Beach Fossils - Somersault;2017;Pop;;5 / 10
Gorillaz - Humanz;2017;Pop;Hip-Hop;5 / 10
Real Estate - In Mind;2017;Pop;Rock;5 / 10
Unknown Mortal Orchestra - Sex & Food;2018;Pop;;5 / 10
The Weeknd - My Dear Melancholy,;2018;Pop;;5 / 10
Tune-Yards - I can feel you creep into my private life;2018;Pop;;5 / 10
Majid Jordan - Self-Titled;2016;Pop;;4 / 10
Rihanna - ANTI;2016;Pop;;4 / 10
Zayn - Mind of Mine;2016;Pop;;4 / 10
The 1975 - I Like It When You Sleep, for You Are So Beautiful Yet So Unaware of It;2016;Pop;;4 / 10
PartyNextDoor - P3;2016;Pop;;4 / 10
Weezer - Pacific Daydream;2017;Pop;;4 / 10
Slowdive - Self-Titled;2017;Pop;;4 / 10
Sam Smith - The Thrill of It All;2017;Pop;;4 / 10
Arcade Fire - Everything Now;2017;Pop;;4 / 10
Ed Sheeran - Divide;2017;Pop;;4 / 10
Taylor Swift - Reputation;2017;Pop;;4 / 10
Kacey Musgraves - Golden Hour;2018;Pop;;4 / 10
The Neighbourhood - The Neighbourhood;2018;Pop;;4 / 10
Harry Styles - Self-Titled;;Pop;;4 / 10
Princess Nokia - A Girl Cried Red;;Pop;;4 / 10
M83 - Junk;2016;Pop;;3 / 10
Justin Timberlake - Man of the Woods;2018;Pop;;3 / 10
Miley Cyrus - Miley Cyrus & Her Dead Petz;2015;Pop;;1 / 10
"Adele - ""Hello""";2015;Pop;;
James Ferraro - Skid Row;2015;Pop;;
"Animal Collective - ""FloriDada""";2015;Pop;;
"Drake - ""Pop Style"" & ""One Dance""";2016;Pop;Hip-Hop;
Corey Feldman - Angelic 2 the Core;2016;Pop;Other;
Trisha Paytas - Showtime EP;2016;Pop;;
"Beyonce - ""Formation""";2016;Pop;;
Tove Lo - Lady Wood;2016;Pop;;
Linkin Park - One More Light;2017;Pop;;
Joji - In Tongues;2017;Pop;;
"Joji - ""Will He""";2017;Pop;;
GFOTY - GFOTYBUCKS;2017;Pop;;
The Chainsmokers - Memories... Do Not Open;2017;Pop;;
Ravyn Lenae - Crush EP;2018;Pop;;
Fall Out Boy - Mania;2018;Pop;;
EDEN - vertigo;2018;Pop;;
Kero Kero Bonito - TOTEP;2018;Pop;;
Bob Dylan - Highway 61 Revisited;2015;Rock;;Classic
Slint - Spiderland;2015;Rock;;Classic
Nirvana - In Utero;2016;Rock;;Classic
Yes - Close to the Edge;2016;Rock;;Classic
Patti Smith - Horses;2016;Rock;;Classic
David Bowie - The Rise and Fall of Ziggy Stardust and the Spiders from Mars;2016;Rock;;Classic
Captain Beefheart & His Magic Band - Trout Mask Replica;2017;Rock;;Classic
Talking Heads - Remain in Light;2017;Rock;;Classic
Ween - Chocolate and Cheese;;Rock;;Classic
David Bowie - BLACKSTAR;2016;Rock;;9 / 10
Xiu Xiu - Plays the Music of Twin Peaks;2016;Rock;;9 / 10
Swans - The Glowing Man;2016;Rock;;9 / 10
Sun Kil Moon - Common as Light and Love Are Red Valleys of Blood;2017;Rock;;9 / 10
Parquet Courts - Wide Awake!;2018;Rock;;9 / 10
Jack White - Boarding House Reach;2018;Rock;;9 / 10
Ought - Sun Coming Down;2015;Rock;;8 / 10
Preoccupations - Self-Titled;2016;Rock;;8 / 10
Show Me the Body - Body War;2016;Rock;;8 / 10
Nine Inch Nails - Not the Actual Events;2016;Rock;;8 / 10
Thee Oh Sees - A Weird Exits;2016;Rock;;8 / 10
Big Ups - Before a Million Universes;2016;Rock;;8 / 10
Jeff Rosenstock - Worry;2016;Rock;;8 / 10
Swain - The Long Dark Blue;2016;Rock;;8 / 10
Car Seat Headrest - Teens of Denial;2016;Rock;;8 / 10
Ty Segall - Emotional Mugger;2016;Rock;;8 / 10
Various Artists - Southern Family;2016;Rock;;8 / 10
King Gizzard & The Lizard Wizard - Nonagon Infinity;2016;Rock;;8 / 10
Weezer - Weezer (The White Album);2016;Rock;;8 / 10
Angel Olsen - My Woman;2016;Rock;;8 / 10
The Drones - Feelin Kinda Free;2016;Rock;;8 / 10
Radiohead - A Moon Shaped Pool;2016;Rock;;8 / 10
The I.L.Y's - Scum with Boundaries;2016;Rock;;8 / 10
Death from Above - Outrage! Is Now;2017;Rock;;8 / 10
Algiers - The Underside of Power;2017;Rock;;8 / 10
Oh Sees - Orc;2017;Rock;;8 / 10
Protomartyr - Relatives in Descent;2017;Rock;;8 / 10
King Gizzard and the Lizard Wizard - Flying Microtonal Banana;2017;Rock;;8 / 10
Oxbow - Thin Black Duke;2017;Rock;;8 / 10
Andrew W.K. - You're Not Alone;2018;Rock;;8 / 10
Car Seat Headrest - Twin Fantasy (Face to Face);2018;Rock;;8 / 10
The Voidz - Virtue;2018;Rock;;8 / 10
Hop Along - Bark Your Head Off, Dog;2018;Rock;;8 / 10
Tropical Fuck Storm - A Laughing Death in Meatspace;2018;Rock;;8 / 10
Screaming Females - All at Once;2018;Rock;;8 / 10
Loma Prieta - Self Portrait;2015;Rock;;7 / 10
Beach Slang - The Things We Do to Find People Who Feel Like Us;2015;Rock;;7 / 10
Dope Body - Kunk;2015;Rock;;7 / 10
Car Seat Headrest - Teens of Style;2015;Rock;;7 / 10
Protomartyr - The Agent Intellect;2015;Rock;;7 / 10
King Gizzard & the Lizard Wizard - Paper Mache Dream Balloon;2015;Rock;;7 / 10
The World Is a Beautiful Place & I Am No Longer Afraid to Die - Harmlessness;2015;Rock;;7 / 10
Modern Baseball - Holy Ghost;2016;Rock;;7 / 10
Deerhoof - The Magic;2016;Rock;;7 / 10
PJ Harvey - The Hope Six Demolition Project;2016;Rock;;7 / 10
Marching Church - Telling It Like It Is;2016;Rock;;7 / 10
Black Mountain - IV;2016;Rock;;7 / 10
Nevermen - Self-Titled;2016;Rock;;7 / 10
Woods - City Sun Eater in the River of Light;2016;Rock;;7 / 10
Iggy Pop - Post Pop Depression;2016;Rock;;7 / 10
Remo Drive - Greatest Hits;2017;Rock;;7 / 10
King Gizzard & The Lizard Wizard - Gumboot Soup;2017;Rock;;7 / 10
The National - Sleep Well Beast;2017;Rock;;7 / 10
King Gizzard & The Lizard Wizard - Polygondwanaland;2017;Rock;;7 / 10
Broken Social Scene - Hug of Thunder;2017;Rock;;7 / 10
Pissed Jeans - Why Love Now;2017;Rock;;7 / 10
Yucky Duster - Duster's Lament;2017;Rock;;7 / 10
Brand New - Science Fiction;2017;Rock;;7 / 10
Black Lips - Satan's Graffiti or God's Art?;2017;Rock;;7 / 10
Roger Waters - Is This the Life We Really Want?;2017;Rock;;7 / 10
Spoon - Hot Thoughts;2017;Rock;;7 / 10
No Age - Snares Like a Haircut;2018;Rock;;7 / 10
Nine Inch Nails - Bad Witch;2018;Rock;;7 / 10
Ty Segall - Freedom's Goblin;2018;Rock;;7 / 10
Iceage - Beyondless;2018;Rock;;7 / 10
Alex G - Beach Music;2015;Rock;;6 / 10
The Front Bottoms - Back on Top;2015;Rock;;6 / 10
Battles - La Di Da Di;2015;Rock;;6 / 10
Grave Babies - Holographic Violence;2015;Rock;;6 / 10
The Libertines - Anthems for Doomed Youth;2015;Rock;;6 / 10
Kurt Vile - B'lieve I'm Goin Down...;2015;Rock;;6 / 10
Savages - Adore Life;2016;Rock;;6 / 10
Bloc Party - Hymns;2016;Rock;;6 / 10
Wilco - Schmilco;2016;Rock;;6 / 10
The Wytches - All Your Happy Life;2016;Rock;;6 / 10
Cage the Elephant - Tell Me I'm Pretty;2016;Rock;;6 / 10
PUP - The Dream Is Over;2016;Rock;;6 / 10
Hinds - Leave Me Alone;2016;Rock;;6 / 10
DIIV - Is the Is Are;2016;Rock;;6 / 10
Grizzly Bear - Painted Ruins;2017;Rock;;6 / 10
The Killers - Wonderful Wonderful;2017;Rock;;6 / 10
The World Is a Beautiful Place... - Always Foreign;2017;Rock;;6 / 10
Liam Gallagher - As You Were;2017;Rock;;6 / 10
Nine Inch Nails - Add Violence;2017;Rock;;6 / 10
Foo Fighters - Concrete and Gold;2017;Rock;;6 / 10
Ty Segall - Self-Titled;2017;Rock;;6 / 10
King Gizzard and the Lizard Wizard - Murder of the Universe;2017;Rock;;6 / 10
Glassjaw - Material Control;2017;Rock;;6 / 10
The Smith Street Band - More Scared of You Than You Are of Me;2017;Rock;;6 / 10
Queens of the Stone Age - Villains;2017;Rock;;6 / 10
Sleaford Mods - English Tapas;2017;Rock;Hip-Hop;6 / 10
Ought - Room Inside the World;2018;Rock;;6 / 10
Jeff Rosenstock - Post-;2018;Rock;;6 / 10
Big Ups - Two Parts Together;2018;Rock;;6 / 10
Courtney Barnett - Tell Me How You Really Feel;2018;Rock;;6 / 10
The Garden - Haha;2015;Rock;;5 / 10
Foals - What Went Down;2015;Rock;;5 / 10
The Wonder Years - No Closer to Heaven;2015;Rock;;5 / 10
Descendents - Hypercaffium Spazzinate;2016;Rock;;5 / 10
American Football - Self-Titled (LP 2);2016;Rock;;5 / 10
Red Hot Chili Peppers - The Getaway;2016;Rock;;5 / 10
AJJ - The Bible 2;2016;Rock;;5 / 10
King Gizzard & The Lizard Wizard w/ Mild High Club - Sketches of Brunswick East;2017;Rock;;5 / 10
Timber Timbre - Sincerely, Future Pollution;2017;Rock;;5 / 10
The War on Drugs - A Deeper Understanding;2017;Rock;;5 / 10
"Godspeed You! Black Emperor - ""Luciferian Towers""";2017;Rock;;5 / 10
A Perfect Circle - Eat the Elephant;2018;Rock;;5 / 10
Titus Andronicus - A Productive Cough;2018;Rock;;5 / 10
Arctic Monkeys - Tranquility Base Hotel + Casino;2018;Rock;;5 / 10
Preoccupations - New Material;2018;Rock;;5 / 10
Wavves - V;2015;Rock;;4 / 10
FIDLAR - Too;2015;Rock;;4 / 10
Explosions in the Sky - The Wilderness;2016;Rock;;4 / 10
Beck - Colors;2017;Rock;;4 / 10
Tiny Moving Parts - Swell;2018;Rock;;4 / 10
Foxing - Dealer;2015;Rock;;3 / 10
The Strokes - Future Present Past;2016;Rock;;3 / 10
Green Day - Revolution Radio;2016;Rock;;3 / 10
Daughter - Not to Disappear;2016;Rock;;3 / 10
Kid Cudi - Speedin' Bullet 2 Heaven;2015;Rock;;0 / 10
Chelsea Wolfe - Abyss;2015;Rock;;
"Radiohead - ""Burn the Witch""";2016;Rock;;
Blink-182 - California;2016;Rock;;
Skillet - Unleashed;2016;Rock;;
Remo Drive - Pop Music;2018;Rock;;
Emperor - In the Nightside Eclipse;2017;;;Classic
Ghost - Meliora;2015;;;9 / 10
Mount Eerie - A Crow Looked at Me;2017;;;9 / 10
Father John Misty - Pure Comedy;2017;;;9 / 10
Cattle Decapitation - The Anthropocene Extinction;2015;;;8 / 10
Baroness - Purple;2015;;;8 / 10
Panopticon - Autumn Eternal;2015;;;8 / 10
Nails - You Will Never Be One of Us;2016;;;8 / 10
Neurosis - Fires Within Fires;2016;;;8 / 10
Vektor - Terminal Redux;2016;;;8 / 10
Marissa Nadler - Strangers;2016;;;8 / 10
Gorguts - Pleiades' Dust;2016;;;8 / 10
Conor Oberst - Ruminations;2016;;;8 / 10
Pop. 1280 - Paradise;2016;;;8 / 10
Moonsorrow - Jumalten Aika;2016;;;8 / 10
Touche Amore - Stage Four;2016;;;8 / 10
Pallbearer - Heartless;2017;;;8 / 10
Feist - Pleasure;2017;;;8 / 10
Primitive Man - Caustic;2017;;;8 / 10
Idles - Brutalism;2017;;;8 / 10
Converge - The Dusk in Us;2017;;;8 / 10
Rosalia - Los Angeles;2017;;;8 / 10
Code Orange - Forever;2017;;;8 / 10
Elder - Reflections of a Floating World;2017;;;8 / 10
Dying Fetus - Wrong One to Fuck With;2017;;;8 / 10
Richard Dawson - Peasant;2017;;;8 / 10
Judas Priest - Firepower;2018;;;8 / 10
Ghost - Prequelle;2018;;;8 / 10
Sleep - The Sciences;2018;;;8 / 10
Kylesa - Exhausting Fire;2015;;;7 / 10
The Body and Full of Hell - One Day You Will Ache Like I Ache;2016;;;7 / 10
Oranssi Pazuzu - Varahtelija;2016;;;7 / 10
Krallice - Hyperion EP;2016;;;7 / 10
Wormrot - Voices;2016;;;7 / 10
The Dillinger Escape Plan - Dissociation;2016;;;7 / 10
Childish Gambino - Awaken, My Love!;2016;;;7 / 10
Power Trip - Nightmare Logic;2017;;;7 / 10
Integrity - Howling, for the Nightmare Shall Consume;2017;;;7 / 10
Ondatropica - Baile Bucanero;2017;;;7 / 10
Havok - Conformicide;2017;;;7 / 10
Jesca Hoop - Memories Are Now;2017;;;7 / 10
Colin Stetson - All This I Do for Glory;2017;;;7 / 10
Julien Baker - Turn Out the Lights;2017;;;7 / 10
Igorrr - Savage Sinusoid;2017;;;7 / 10
William Basinski - A Shadow in Time;2017;;;7 / 10
Dead Cross - Self-Titled;2017;;;7 / 10
Keiji Haino + SUMAC - American Dollar Bill;2018;;;7 / 10
Mount Eerie - Now Only;2018;;;7 / 10
LUMP - LUMP;2018;;;7 / 10
Tribulation - Down Below;2018;;;7 / 10
Iron Maiden - The Book of Souls;2015;;;6 / 10
Revenge - Behold.Total.Rejection;2015;;;6 / 10
Sunn O))) - Kannon;2015;;;6 / 10
Myrkur - M;2015;;;6 / 10
Deafheaven - New Bermuda;2015;;;6 / 10
Black Breath - Slaves Beyond Death;2015;;;6 / 10
Krallice - Ygg Huur;2015;;;6 / 10
Kvelertak - Nattesferd;2016;;;6 / 10
Metallica - Hardwired...To Self-Destruct;2016;;;6 / 10
Babymetal - Metal Resistance;2016;;;6 / 10
Iron Reagan - Crossover Ministry;2017;;;6 / 10
Full of Hell - Trumpeting Ecstasy;2017;;;6 / 10
Myrkur - Mareridt;2017;;;6 / 10
Wolves in the Throne Room - Thrice Woven;2017;;;6 / 10
Thundercat - Drunk;2017;;;6 / 10
Vein - Errorzone;2018;;;6 / 10
(Sandy) Alex G - Rocket;2017;;;5 / 10
Marilyn Manson - Heaven Upside Down;2017;;;5 / 10
Liars - TFCF;2017;;;5 / 10
Turnstile - Time & Space;2018;;;5 / 10
Oathbreaker - Rheia;2016;;;4 / 10
Korn - The Serenity of Suffering;2016;;;4 / 10
Megadeth - Dystopia;2016;;;4 / 10
Deftones - Gore;2016;;;4 / 10
Mastodon - Emperor of Sand;2017;;;4 / 10
Panopticon - The Scars of Man on the Once Nameless Wilderness;2018;;;4 / 10
Twitching Tongues - Disharmony;2015;;;3 / 10
Meshuggah - The Violent Sleep of Reason__-;2016;;;
Godsmack - When Legends Rise__-;2018;;;
Ruin - Plague Transmissions Vol. 1__-;2018;;;
Natalia Lafourcade - Musas Vol. 2__-;2018;;;
