Captain Beefheart,Trout Mask Replica,classic,Classics
Aphex Twin,Selected Ambient Works 85-92,classic,Classics
Bob Dylan,Highway 61 Revisited,CLASSIC,Classics
Daft Punk,Discovery,classic,Classics
DJ Shadow,Endtroducing.....,CLASSIC,Classics
Fugazi,Repeater,CLASSIC,Classics
Iron Maiden,The Number of the Beast,CLASSIC,Classics
Johnny Cash,At Folsom Prison,CLASSIC,Classics
Joy Division,Unknown Pleasures,CLASSIC,Classics
Kate Bush,Hounds of Love,CLASSIC,Classics
Kraftwerk,Trans-Europe Express,CLASSIC,Classics
Lauryn Hill,The Miseducation of Lauryn Hill,classic,Classics
Michael Jackson,Thriller,classic,Classics
Nas,Illmatic,classic,Classics
Neutral Milk Hotel,In the Aeroplane Over the Sea,CLASSIC,Classics
Nina Simone,Pastel Blues,CLASSIC,Classics
Niravana,In Utero,classic,Classics
NWA,Straight Outta Compton,CLASSIC,Classics
Outkast,ATLiens,classic,Classics
Patti Smith,Horses,classic,Classics
Prince and the Revolution,Purple Rain,CLASSIC,Classics
Radiohead,Kid A,CLASSIC,Classics
Roland Kirk,I Talk With the Spirits,CLASSIC,Classics
Slint,Spiderland,CLASSIC,Classics
Talking Heads,Remain In Light,classic,Classics
Tangerine Dream,Phaedra,CLASSIC,Classics
The Microphones,The Glow Pt. 2,classic,Classics
Tom Waits,Rain Dogs,classic,Classics
Ween,Chocolate and Cheese,classic,Classics
Yes,Close to the Edge,classic,Classics
Arca,&&&&&,NONE,Electronic
Daftside,Random Access Memories Memories,NONE,Electronic
Mount Kimbie,Cold Spring Fault Less Youth,NONE,Electronic
The Knife,Shaking The Habitual,9,Electronic
Actress,Ghettoville,8,Electronic
Ash Koosha,GUUD,8,Electronic
Autechre,Exai,8,Electronic
Burial,Truant / Rough Sleeper,8,Electronic
Daft Punk,Random Access Memories,8,Electronic
Daniel Avery,Drone Logic,8,Electronic
Darkside,Psychic,8,Electronic
Forest Swords,Compassion,8,Electronic
Ibibio Sound Machine,Uyai,8,Electronic
Iglooghost,Ne\xc5\x8d Wax Bloom,8,Electronic
Iglooghost,Chinese N\xc3\xbc Yr,8,Electronic
Jon Hopkins,Immunity,8,Electronic
Liars,Mess,8,Electronic
Massive Attack,Ritual Spirit,8,Electronic
Matmos ,Ultimate Care II,8,Electronic
Shlohmo,Laid Out,8,Electronic
Sinjin Hawke,First Opus,8,Electronic
Sophie,Product,8,Electronic
Tobacco,Ultima II Massage,8,Electronic
Young Fathers,Tape Two,8,Electronic
Death Grips,Fashion Week,7,Electronic
RP Boo,Fingers, Bank Pads & Shoeprints,7,Electronic
Andy Stott,Faith In Strangers,7,Electronic
Andy Stott,Luxury Problems,7,Electronic
Atoms For Peace,Amok,7,Electronic
Bibio,Silver Wilkinson,7,Electronic
Blanck Mass,World Eater,7,Electronic
Deadmau5,While (1 Is Less Than 2),7,Electronic
Disclosure,Settle,7,Electronic
Evian Christ,Waterfall,7,Electronic
Four Tet,Beautiful Rewind,7,Electronic
Holly Herndon,Movement,7,Electronic
James Holden,The Inheritors,7,Electronic
Jamie xx,In Colour,7,Electronic
John Carpenter,Lost Themes,7,Electronic
Jon Hopkins,Singularity,7,Electronic
Lapalux,Nostalchic,7,Electronic
Machinedrum,Vapor City,7,Electronic
Mr. Oizo,The Church,7,Electronic
Nmesh,Pharma,7,Electronic
Ratatat,Magnifique,7,Electronic
The Avalanches,Wildflower,7,Electronic
The Chemical Brothers,Born In the Echoes,7,Electronic
The Soft Pink Truth,Why Do The Heathen Rage?,7,Electronic
Vessel,Order of Noise,7,Electronic
Villagers,{Awayland},7,Electronic
3:33,In the Middle of Infinity,6,Electronic
Anamanaguchi,Endless Fantasy,6,Electronic
Aphex Twin,Syro,6,Electronic
Arca,Mutant,6,Electronic
Arca,Xen,6,Electronic
Ash Koosha,I AKA I,6,Electronic
Baauer,Aa,6,Electronic
Baths,Obsidian,6,Electronic
Bill Callahan,Apocalypse,6,Electronic
Blanck Mass,Dumb Flesh,6,Electronic
Boards of Canada,Tomorrow's Harvest,6,Electronic
Bonobo,The North Borders,6,Electronic
Caribou,Our Love,6,Electronic
Classixx,Hanging Gardens,6,Electronic
Daphni,Jiaolong,6,Electronic
Disclosure,Caracal,6,Electronic
Fuck Buttons,Slow Focus,6,Electronic
Holly Herndon,Platform,6,Electronic
Kaytranada ,99.9%,6,Electronic
LCD Soundsystem,American Dream,6,Electronic
Lee Bannon,Alternate/Endings,6,Electronic
Nicolas Jaar,Sirens,6,Electronic
Oneohtrix Point Never,R Plus Seven,6,Electronic
Prurient,Rainbow Mirror,6,Electronic
Rhye,Woman,6,Electronic
Shlohmo,Dark Red,6,Electronic
Squarepusher,Damogen Furies,6,Electronic
The Bug,Angels & Devils,6,Electronic
Thom Yorke,Tomorrow's Modern Boxes,6,Electronic
Todd Terje,It's Album Time,6,Electronic
Tycho,Awake,6,Electronic
Black Moth Super Rainbow,Cobra Juicy,5,Electronic
Burial,Rival Dealer,5,Electronic
Dan Deacon,Gliss Riffer,5,Electronic
Daniel Avery,Song For Alpha,5,Electronic
Flume ,Skin,5,Electronic
Gesaffelstein,Aleph,5,Electronic
Health,Death Magic,5,Electronic
Hudson Mohawke,Lantern,5,Electronic
Nosaj Thing,Home,5,Electronic
Porter Robinson,Worlds,5,Electronic
SBTRKT,Wonder Where We Land,5,Electronic
Skrillex,Recess,5,Electronic
Tim Hecker,Love Streams,5,Electronic
Zomby,With Love,5,Electronic
Crystal Castles,Amnesty (I),4,Electronic
Crystal Castles,(III),4,Electronic
Glitch Mob,Love Death Immortality,3,Electronic
Lone,Reality Testing,3,Electronic
Portico,Living Fields,3,Electronic
Thundercat,Apocalypse,3,Electronic
Gas,Narkopop,2,Electronic
Rick Ross,Mastermind,uhhhhhhhhh,Hip-Hop
Wale,Shine,opinion,Hip-Hop
Armand Hammer,Furtive Movements,NONE,Hip-Hop
Ghostpoet,Some Say I So I Say Light,NONE,Hip-Hop
Jarren Benton,My Grandmother's Basement,NONE,Hip-Hop
Milo,Cavalcade,NONE,Hip-Hop
Various Artists,Coalmine Records Presents: Unearthed,NONE,Hip-Hop
Big Sean,Dark Sky Paradise,no,Hip-Hop
Run the Jewels,Meow the Jewels,http://www.runthejewels.net,Hip-Hop
Action Bronson,Saaab Stories,f,Hip-Hop
Yung Lean,Unknown Death 2002,bread,Hip-Hop
B.o.B.,Ether,b.o.b. album,Hip-Hop
Kendrick Lamar,To Pimp A Butterfly,10,Hip-Hop
Brockhampton,Saturation,9,Hip-Hop
clipping.,CLPPNG,9,Hip-Hop
Danny Brown,Atrocity Exhibition,9,Hip-Hop
Death Grips,Bottomless Pit,9,Hip-Hop
Death Grips,The Powers That B (Niggas On the Moon / Jenny Death),9,Hip-Hop
Freddie Gibbs & Madlib,Pi\xc3\xb1ata,9,Hip-Hop
Kendrick Lamar,good kid, m.A.A.d. City,9,Hip-Hop
Milo,Things That Happen At Day / Things That Happen At Night,8,Hip-Hop
Mick Jenkins,The Water's,8,Hip-Hop
Action Bronson and the Alchemist,Rare Chandeliers,8,Hip-Hop
Apathy,Connecticut Casual,8,Hip-Hop
Armand Hammer,Race Music,8,Hip-Hop
Billy Woods,Known Unknowns,8,Hip-Hop
Black Milk,No Poison No Paradise,8,Hip-Hop
Black Thought / 9th Wonder,Streams of Thought, Vol. 1,8,Hip-Hop
Brockhampton,Saturation III,8,Hip-Hop
Brockhampton,Saturation II,8,Hip-Hop
Busdriver,Perfect Hair,8,Hip-Hop
Cakes Da Killa,The Eulogy,8,Hip-Hop
Clipping,Midcity,8,Hip-Hop
Czarface,Every Hero Needs A Villain,8,Hip-Hop
Da Mafia 6ix,6ix Commandments,8,Hip-Hop
Denzel Curry ,Imperial,8,Hip-Hop
Drake,If You're Reading This, It's Too Late,8,Hip-Hop
Flatbush Zombies,BetterOffDEAD,8,Hip-Hop
Ghostface Killah and Adrian Younge,Twelve Reasons To Die,8,Hip-Hop
Girl Talk & Freeway,Broken Ankles,8,Hip-Hop
Injury Reserve,Floss,8,Hip-Hop
Injury Reserve,Live From the Dentist Office,8,Hip-Hop
Jay-Z,4:44,8,Hip-Hop
Joey Bada$$,B4.DA.$$,8,Hip-Hop
JPEGMAFIA,Veteran,8,Hip-Hop
Ka,The Night's Gambit,8,Hip-Hop
Ka,Honor Killed the Samurai,8,Hip-Hop
Kanye West,ye,8,Hip-Hop
Kanye West,The Life of Pablo,8,Hip-Hop
Kanye West,The Life of Pablo,8,Hip-Hop
Karriem Riggins,Alone Together,8,Hip-Hop
Lil Ugly Mane,Third Side of Tape,8,Hip-Hop
milo,So The Flies Don't Come,8,Hip-Hop
Noname ,Telefone,8,Hip-Hop
Open Mike Eagle,Brick Body Kids Still Daydream,8,Hip-Hop
Open Mike Eagle,A Special Episode Of,8,Hip-Hop
Open Mike Eagle,Dark Comedy,8,Hip-Hop
Princess Nokia,1992 Deluxe,8,Hip-Hop
Quelle Chris ,Being You Is Great, I Wish I Could Be You More Often,8,Hip-Hop
Ratking,So It Goes,8,Hip-Hop
Run the Jewels,Run the Jewels 2,8,Hip-Hop
Step Brothers,Lord Steppington,8,Hip-Hop
The Game,The Documentary 2.5,8,Hip-Hop
The Progressive Era,PEEP: The aPROcalypse,8,Hip-Hop
The Underachievers,Evermore: The Art of Duality,8,Hip-Hop
Travis Scott,Rodeo,8,Hip-Hop
Uncommon Nasa,New York Telephone,8,Hip-Hop
Wiley,Godfather,8,Hip-Hop
YC The Cynic,GNK,8,Hip-Hop
YG,Still Brazy,8,Hip-Hop
Young Fathers,Tape Two,8,Hip-Hop
Your Old Droog,Kinison,8,Hip-Hop
21 Savage / Offset / Metro Boomin',Without Warning,7,Hip-Hop
A$AP Ferg,Ferg Forever,7,Hip-Hop
A$AP Ferg,Trap Lord,7,Hip-Hop
A$AP Rocky,Long.Live.A$AP,7,Hip-Hop
Ab-Soul,Do What Thou Wilt.,7,Hip-Hop
Apathy ,Handshakes With Snakes,7,Hip-Hop
Billy Woods,Today, I Wrote Nothing,7,Hip-Hop
Billy Woods,Dour Candy,7,Hip-Hop
Blu & Exile,Give Me My Flowers While I Can Still Smell Them,7,Hip-Hop
Bones,PaidProgramming2,7,Hip-Hop
Bones,Useless,7,Hip-Hop
Captain Murphy,Duality,7,Hip-Hop
Chance The Rapper,Coloring Book,7,Hip-Hop
Clams Casino ,32 Levels,7,Hip-Hop
clipping.,Wriggle,7,Hip-Hop
CunninLynguists,Strange Journey Vol. 3,7,Hip-Hop
CupcakKe,Ephorize,7,Hip-Hop
Czarface / MF Doom,Czarface Meets Metal Face,7,Hip-Hop
D.R.A.M.,Big Baby D.R.A.M.,7,Hip-Hop
Danny Brown,Old,7,Hip-Hop
Denzel Curry,Nostalgic 64,7,Hip-Hop
Dr. Dre,Compton,7,Hip-Hop
Eminem,The Marshall Mathers LP 2,7,Hip-Hop
Freddie Gibbs,Shadow of a Doubt,7,Hip-Hop
Hellfyre Club,Dorner vs. Tookie,7,Hip-Hop
Injury Reserve,Drive It Like It's Stolen,7,Hip-Hop
Joey Bada$$,Summer Knights,7,Hip-Hop
Joey Purps,iiiDrops,7,Hip-Hop
Jonwayne,Rap Album Two,7,Hip-Hop
Kano,Made In the Manor,7,Hip-Hop
Kemba,Negus,7,Hip-Hop
Kendrick Lamar,DAMN.,7,Hip-Hop
Lil Herb,Welcome To Fazoland,7,Hip-Hop
Lil Yachty ,Lil Boat,7,Hip-Hop
Lil Yatchy,Lil Boat 2,7,Hip-Hop
Lupe Fiasco,Tetsuo & Youth,7,Hip-Hop
M.I.A.,Matangi,7,Hip-Hop
Mac Miller,GO:OD AM,7,Hip-Hop
Meek Mill,Dreams Worth More Than Money,7,Hip-Hop
Migos ,Culture,7,Hip-Hop
Milo,Who Told You To Think??!!?!?!?!,7,Hip-Hop
Mr. Muthafuckin / eXquire,Kismet,7,Hip-Hop
Mr. Yote,The Terrible Tales of Scurvy Jones,7,Hip-Hop
N.E.R.D.,NO_ONE EVER REALLY DIES,7,Hip-Hop
NxWorries,Yes Lawd!,7,Hip-Hop
Onyx,Wakedafucup,7,Hip-Hop
Open Mike Eagle & Paul White,Hella Personal Film Festival,7,Hip-Hop
Pharoahe Monch,P.T.S.D.,7,Hip-Hop
Playboi Carti,Die Lit,7,Hip-Hop
Post Malone,beerbongs & bentleys,7,Hip-Hop
Pusha T,King Push \xe2\x80\x93 Darkest Before Dawn: The Prelude,7,Hip-Hop
Quasimoto,Yessir Whatever,7,Hip-Hop
Quelle Chris,Innocent Country,7,Hip-Hop
Quelle Chris,Ghost At The Finish Line,7,Hip-Hop
Rae Sremmurd,SR3MM,7,Hip-Hop
Schoolboy Q,Oxymoron,7,Hip-Hop
Shad,Flying Colours,7,Hip-Hop
Sir Michael Rocks,Banco,7,Hip-Hop
Skepta,Konnichiwa,7,Hip-Hop
Ski Mask the Slump God,Beware the Book of Eli,7,Hip-Hop
The Underachievers,Cellar Door: Terminus Ut Exordium,7,Hip-Hop
The Underachievers,Indigoism,7,Hip-Hop
Uncommon Nasa,Halfway,7,Hip-Hop
Vince Staples,Prima Donna,7,Hip-Hop
Vince Staples,Hell Can Wait,7,Hip-Hop
Waka Flocka Flame,Flockaveli 1.5,7,Hip-Hop
Wiki,Lil Me,7,Hip-Hop
Your Old Droog,Packs,7,Hip-Hop
Travis Scott / Quavo,Huncho Jack / Jack Huncho,6,Hip-Hop
Mick Jenkins,Wave's,6,Hip-Hop
A$ap Ferg,Still Striving,6,Hip-Hop
Action Bronson,Blue Chips 7000,6,Hip-Hop
Action Bronson & Party Supplies,Blue Chips 2,6,Hip-Hop
Armand Hammer,Rome,6,Hip-Hop
BADBADNOTGOOD & Ghostface Killah,Sour Soul,6,Hip-Hop
Bedwetter,Flick Your Tongue Against Your Teeth and Describe the Present,6,Hip-Hop
Big K.R.I.T.,Cadillactica,6,Hip-Hop
Big Sean,I Decided,6,Hip-Hop
Black Milk,If There's A Hell Below,6,Hip-Hop
Blu,Good To Be Home,6,Hip-Hop
Bones,Garbage,6,Hip-Hop
Busdriver,Thumbs,6,Hip-Hop
Cardi B,Invasion of Privacy,6,Hip-Hop
Cavanaugh,Time & Materials,6,Hip-Hop
Chance The Rapper,Acid Rap,6,Hip-Hop
Common,Nobody's Smiling,6,Hip-Hop
Death Grips,Government Plates,6,Hip-Hop
Denzel Curry,32 Zel / Planet Shrooms,6,Hip-Hop
DJ Khaled,Major Key,6,Hip-Hop
Dr. Yen Lo,Days With Dr. Yen Lo,6,Hip-Hop
Drake & Future,What A Time To Be Alive,6,Hip-Hop
Earl Sweatshirt,I Don't Like Shit, I Don't Go Outside,6,Hip-Hop
Earl Sweatshirt,Doris,6,Hip-Hop
Flatbush Zombies ,Vacation in Hell,6,Hip-Hop
Freddie Gibbs,You Only Live 2wice,6,Hip-Hop
Future,DS2,6,Hip-Hop
Future ,EVOL,6,Hip-Hop
Gucci Mane,Everybody Looking,6,Hip-Hop
Isaiah Rashad,The Sun's Tirade,6,Hip-Hop
Isaiah Rashad,Cilvia Demo,6,Hip-Hop
J. Cole,4 Your Eyez Only,6,Hip-Hop
J. Cole,2014 Forest Hills Drive,6,Hip-Hop
Jay Rock,90059,6,Hip-Hop
Jay-Z,Magna Carta... Holy Grail,6,Hip-Hop
King Los,God, Money, War,6,Hip-Hop
Lee Scott,Butter Fly,6,Hip-Hop
Logic,The Incredible True Story,6,Hip-Hop
Logic,Under Pressure,6,Hip-Hop
Lupe Fiasco,DROGAS Light,6,Hip-Hop
Mac Miller,Faces,6,Hip-Hop
Mac Miller,Watching Movies With the Sound Off,6,Hip-Hop
Macklemore & Ryan Lewis,This Unruly Mess I've Made,6,Hip-Hop
Nas,Nasir,6,Hip-Hop
Nocando,Jimmy The Burnout,6,Hip-Hop
PRhyme,PRhyme 2,6,Hip-Hop
Pusha T,My Name Is My Name,6,Hip-Hop
R.A. The Rugged Man,Legends Never Die,6,Hip-Hop
Rich Brian,Amen,6,Hip-Hop
Rick Ross,Rather You Than Me,6,Hip-Hop
Rico Nasty,Nasty,6,Hip-Hop
Ski Mask the Slump God,You Will Regret,6,Hip-Hop
Smokepurpp,Deadstar,6,Hip-Hop
SOB x RBE,Gangin,6,Hip-Hop
The Game,The Documentary 2,6,Hip-Hop
The Underachievers,Renaissance,6,Hip-Hop
Ty Dolla $ign,Free TC,6,Hip-Hop
Tyler, The Creator,Wolf,6,Hip-Hop
Various Artists,Black Panther The Album,6,Hip-Hop
Vic Mensa,The Autobiography,6,Hip-Hop
Vince Staples,Big Fish Theory,6,Hip-Hop
Vince Staples,Summertime 06,6,Hip-Hop
YG,My Krazy Life,6,Hip-Hop
Young Fathers,Dead,6,Hip-Hop
Yung Lean,Stranger,6,Hip-Hop
ZelooperZ,HELP,6,Hip-Hop
A$AP Rocky,At. Long. Last. A$AP,5,Hip-Hop
Ab-Soul,These Days...,5,Hip-Hop
Action Bronson,Mr. Wonderful,5,Hip-Hop
Amin\xc3\xa9,Good For You,5,Hip-Hop
Azealia Banks,Broke With Expensive Taste,5,Hip-Hop
Bas,Too High To Riot,5,Hip-Hop
Big K.R.I.T.,It's Better This Way,5,Hip-Hop
Big Sean / Metro Boomin',Double or Nothing,5,Hip-Hop
Cannibal Ox,Blade of the Ronin,5,Hip-Hop
Childish Gambino,Because The Internet,5,Hip-Hop
Dizzy Wright,The Golden Age,5,Hip-Hop
Drake,Nothing Was The Same,5,Hip-Hop
Drake ,More Life,5,Hip-Hop
Fashawn,The Ecology,5,Hip-Hop
Future / Young Thug,Super Slimey,5,Hip-Hop
Ghostface Killah,36 Seasons,5,Hip-Hop
GoldLink,At What Cost,5,Hip-Hop
Hail Mary Mallon,Bestiary,5,Hip-Hop
Heems,Wild Water Kingdom,5,Hip-Hop
J. Cole,KOD,5,Hip-Hop
J. Cole,Born Sinner,5,Hip-Hop
Kanye West,Yeezus,5,Hip-Hop
Kirk Knight,Late Knight Special,5,Hip-Hop
Lil B,Black Ken,5,Hip-Hop
Lil Ugly Mane,Oblivion Access,5,Hip-Hop
Lil Yachty ,Summer Songs 2,5,Hip-Hop
Little Simz,Stillness In Wonderland,5,Hip-Hop
Logic,Bobby Tarantino II,5,Hip-Hop
Migos,No Label II,5,Hip-Hop
P.O.S,We Don't Even Live Here,5,Hip-Hop
Ratking,Wiki93,5,Hip-Hop
RiFF RAFF,NEON iCON,5,Hip-Hop
ScHoolboy Q,Blank Face,5,Hip-Hop
Shabazz Palaces,Lese Majesty,5,Hip-Hop
The Game,1992,5,Hip-Hop
The Game,Jesus Piece,5,Hip-Hop
Trippie Redd,A Love Letter To You 2,5,Hip-Hop
Ugly God,The Booty Tape,5,Hip-Hop
Vic Mensa,There's Alot Going On,5,Hip-Hop
Wiley,Godfather II,5,Hip-Hop
Young Thug,I'm Up,5,Hip-Hop
Young Thug,Beautiful Thugger Girls,5,Hip-Hop
Young Thug,Barter 6,5,Hip-Hop
Young Thug ,Slime Season 3,5,Hip-Hop
Kid Cudi,Passion, Pain & Demon Slayin',4,Hip-Hop
A$AP Rocky,Testing,4,Hip-Hop
Archy Marshall,A New Place 2 Drown,4,Hip-Hop
Chief Keef,Finally Rich,4,Hip-Hop
Childish Gambino,STN MTN / Kauai,4,Hip-Hop
Domo Genesis,Genesis,4,Hip-Hop
Donnie Trumpet & the Social Experiment,Surf,4,Hip-Hop
Drake,Scorpion,4,Hip-Hop
Drake ,Views,4,Hip-Hop
G-Eazy,When it's Dark Out,4,Hip-Hop
Heems,Eat Pray Thug,4,Hip-Hop
Hopsin,No Shame,4,Hip-Hop
Jaden Smith,SYRE,4,Hip-Hop
Jay Rock,Redemption,4,Hip-Hop
Kodak Black,Painting Pictures,4,Hip-Hop
Lil Wayne,Free Weezy Album,4,Hip-Hop
M.E.D. Blu and Madlib,Bad Neighbor,4,Hip-Hop
M.I.A.,A.I.M.,4,Hip-Hop
Mac Miller ,The Divine Feminine,4,Hip-Hop
Migos,Culture II,4,Hip-Hop
Riff Raff,Peach Panther,4,Hip-Hop
Tech N9ne,Something Else,4,Hip-Hop
The Roots,...And Then You Shoot Your Cousin,4,Hip-Hop
Various Artists,Shady XV,4,Hip-Hop
Wale,The Album About Nothing,4,Hip-Hop
Watsky,All You Can Do,4,Hip-Hop
XXXTENTACION,?,4,Hip-Hop
Yung Lean,Unknown Memory,4,Hip-Hop
21 Savage,Issa Album,3,Hip-Hop
6ix9ine,Day69,3,Hip-Hop
Hopsin,Pound Syndrome,3,Hip-Hop
Hopsin,Knock Madness,3,Hip-Hop
Kodak Black,Lil Big Pac,3,Hip-Hop
Machine Gun Kelly,General Admission,3,Hip-Hop
Mellowhype,INSA,3,Hip-Hop
Travi$ Scott,Days Before Rodeo,3,Hip-Hop
Travis Scott,Owl Pharaoh,3,Hip-Hop
Tyler, The Creator,Cherry Bomb,3,Hip-Hop
Yelawolf,Love Story,3,Hip-Hop
Yung Lean,Warlord,3,Hip-Hop
Eminem,Revival,2,Hip-Hop
Future,Honest,2,Hip-Hop
Goldlink,And After That, We Didn't Talk,2,Hip-Hop
Kid Cudi,Indicud,2,Hip-Hop
Lil Dicky,Professional Rapper,2,Hip-Hop
Lil Yachty ,Teenage Emotions,2,Hip-Hop
XXXTentacion,17,2,Hip-Hop
Bladee,Red Light,1,Hip-Hop
All Pigs Must Die,Nothing Violates This Nature,NONE,Loud Rock
B\xc3\xb6lzer,Soma,NONE,Loud Rock
Black Sabbath,13,NONE,Loud Rock
Denzel Curry,13,none,Loud Rock
Havok,Unnatural Selection,NONE,Loud Rock
Power Trip,Manifest Decimation,NONE,Loud Rock
Revenge,Behold.Total.Rejection,6(66),Loud Rock
Altar of Plagues,Teethed Glory and Injury,9,Loud Rock
Behemoth,The Satanist,9,Loud Rock
Ghost,Meliora,9,Loud Rock
Iceage,Plowing Into the Field of Love,9,Loud Rock
Melt-Banana,Fetch,9,Loud Rock
Portal ,Ion,9,Loud Rock
Artificial Brain,Labyrinth Constellation,8,Loud Rock
Baroness,Purple,8,Loud Rock
Big Ups,Eighteen Hours of Static,8,Loud Rock
Botanist,VI: Flora,8,Loud Rock
Cattle Decapitation,The Anthropocene Extinction,8,Loud Rock
Chelsea Wolfe,Abyss,8,Loud Rock
Code Orange ,Forever,8,Loud Rock
Deafheaven,Sunbather,8,Loud Rock
Dying Fetus,Wrong One to Fuck With,8,Loud Rock
Elder,Reflections of a Floating World,8,Loud Rock
Full of Hell,Full of Hell & Merzbow,8,Loud Rock
Ghost ,Prequelle,8,Loud Rock
Gorguts,Colored Sands,8,Loud Rock
High On Fire,Luminiferous,8,Loud Rock
Iceage,You're Nothin,8,Loud Rock
Idles,Brutalism,8,Loud Rock
IDYLLS,PRAYER FOR TERRENE,8,Loud Rock
Indian,From All Purity,8,Loud Rock
Judas Priest,Firepower,8,Loud Rock
KEN mode,Success,8,Loud Rock
Kvelertak,Meir,8,Loud Rock
Leviathan,Scar Sighted,8,Loud Rock
Moonsorrow,Jumalten Aika,8,Loud Rock
Nails,You Will Never Be One of Us,8,Loud Rock
Pallbearer,Heartless,8,Loud Rock
Panopticon,Autumn Eternal,8,Loud Rock
Panopticon,Roads To The North,8,Loud Rock
Primitive Man,Caustic,8,Loud Rock
Show Me The Body,Body War,8,Loud Rock
Sleep,The Sciences,8,Loud Rock
Street Sects,End Position,8,Loud Rock
Thantifaxath,Sacred White Noise,8,Loud Rock
The Dillinger Escape Plan,One Of Us Is The Killer,8,Loud Rock
This Routine Is Hell,Howl,8,Loud Rock
Touch\xc3\xa9 Amor\xc3\xa9,Stage Four,8,Loud Rock
Vektor ,Terminal Redux,8,Loud Rock
Integrity,Howling, For The Nightmare Shall Consume,7,Loud Rock
Cara Neir,Portals To A Better, Dead World,7,Loud Rock
An Autumn For Crippled Children,Try Not To Destroy Everything You Love,7,Loud Rock
Calvaiire,Forceps,7,Loud Rock
Chelsea Wolfe,Hiss Spun,7,Loud Rock
Dope Body,Kunk,7,Loud Rock
Dope Body,Saturday,7,Loud Rock
Ghoul,Dungeon Bastards,7,Loud Rock
Godflesh,A World Lit Only By Fire,7,Loud Rock
Grave Babies,Crusher,7,Loud Rock
Haunted Horses,Watcher,7,Loud Rock
Kayo Dot,Hubardo,7,Loud Rock
Keiji Haino + Sumac,American Dollar Bill,7,Loud Rock
KEN mode,Entrench,7,Loud Rock
Krallice,Hyperion,7,Loud Rock
Kylesa,Exhausting Fire,7,Loud Rock
Lightning Bolt,Fantasy Empire,7,Loud Rock
Liturgy,The Ark Work,7,Loud Rock
Loma Prieta,Self Portrait,7,Loud Rock
Lycus,Tempest,7,Loud Rock
Mastodon,Once More, Round the Sun,7,Loud Rock
Mayhem,Esoteric Warfare,7,Loud Rock
Megaton Leviathan,Past 21: Beyond The Arctic Cell,7,Loud Rock
Modern Life Is War,Fever Hunting,7,Loud Rock
Nails,Abandon All Life,7,Loud Rock
Neurosis,Honor Found In Decay,7,Loud Rock
OFF!,Wasted Years,7,Loud Rock
ORANSSI PAZUZU,V\xc3\xa4r\xc3\xa4htelij\xc3\xa4,7,Loud Rock
Peste Noire,La Chaise-Dyable,7,Loud Rock
Pissed Jeans,Honeys,7,Loud Rock
Power Trip,Nightmare Logic,7,Loud Rock
Soupcans,Parasite Brain,7,Loud Rock
Swain,Heavy Dancing,7,Loud Rock
The Dillinger Escape Plan,Dissociation,7,Loud Rock
TOAD,Endless Night,7,Loud Rock
Tribulation,The Children of the Night,7,Loud Rock
Vallenfyre,Splinters,7,Loud Rock
Wormrot,Voices,7,Loud Rock
Autopsy,The Headless Ritual,6,Loud Rock
Babymetal,Metal Resistance,6,Loud Rock
Circles Takes the Square,Decompositions: Volume Number One,6,Loud Rock
Code Orange,I Am King,6,Loud Rock
Code Orange Kids,Love Is Love // Return To Dust,6,Loud Rock
Darkthrone,The Underground Resistance,6,Loud Rock
Dead In The Dirt,The Blind Hole,6,Loud Rock
Deafheaven,New Bermuda,6,Loud Rock
Dragged Into Sunlight,Widowmaker,6,Loud Rock
Earth,Primitive and Deadly,6,Loud Rock
Faith No More,Sol Invictus,6,Loud Rock
Full of Hell,Trumpeting Ecstasy,6,Loud Rock
Hoax,3rd,6,Loud Rock
Holograms,Forever,6,Loud Rock
Iron Maiden,The Book of Souls,6,Loud Rock
Krallice,Ygg Huur,6,Loud Rock
Kvelertak,Nattesferd,6,Loud Rock
Lord Mantis,Death Mask,6,Loud Rock
Myrkur,M,6,Loud Rock
Oranssi Pazuzu,Valonielu,6,Loud Rock
Pallbearer,Foundations of Burden,6,Loud Rock
Pig Destroyer,Book Burner,6,Loud Rock
Sunn o))),Kannon,6,Loud Rock
Toxic Holocaust,Chemistry of Consciousness,6,Loud Rock
Vein ,Errorzone,6,Loud Rock
Xibalba,Tierra Y Libertad,6,Loud Rock
Cult of Luna,Vertikal,5,Loud Rock
Electric Wizard,Time To Die,5,Loud Rock
letlive.,The Blackest Beautiful,5,Loud Rock
Marilyn Manson,Heaven Upside Down,5,Loud Rock
Negur\xc4\x83 Bunget,T\xc4\x82U,5,Loud Rock
Portal,Vexovoid,5,Loud Rock
The Game,Jesus Piece,5,Loud Rock
The Secret,Agnus Dei,5,Loud Rock
Trap Them,Blissfucker,5,Loud Rock
Trash Talk,No Peace,5,Loud Rock
Turnstile,Time & Space,5,Loud Rock
Between the Buried and Me,The Parallax II: Future Sequence,4,Loud Rock
Deftones ,Gore,4,Loud Rock
Fallujah,The Flesh Prevails,4,Loud Rock
Korn,The Serenity of Suffering,4,Loud Rock
Mastodon,Emperor of Sand,4,Loud Rock
Oathbreaker,Rheia,4,Loud Rock
Green Day,Revolution Radio,3,Loud Rock
Twitching Tongues,Disharmony,3,Loud Rock
Death Grips,The Powers That B Pt. 1 a.k.a. Niggas On The Moon,none,Other
Felix Blume,Death In Haiti: Funeral Brass Bands & Sounds From Port Au Prince,none,Other
Pharmakon,Abandon,NONE,Other
Sufjan Stevens,Silver & Gold,NONE,Other
Pink Guy,Pink Season,MYSCOREWHENTHEPU$$YISTOOGOOD,Other
Jon Benjamin,well, I should have....*,BUTTSECKS,Other
PLANNINGTOROCK,All Love's Legal,???,Other
PLANNINGTOROCK,All Love's Legal,???,Other
Death Grips,Year of the Snitch,9,Other
Father John Misty,Pure Comedy,9,Other
Kamasi Washington,The Epic,9,Other
Mount Eerie,A Crow Looked At Me,9,Other
Neil Cicierega,Mouth Moods,9,Other
Sun Kil Moon,Common As Light And Love Are Red Valleys Of Blood,9,Other
Sun Kil Moon,Benji,9,Other
Tim Hecker,Virgins,9,Other
Anna von Hausswolff,Dead Magic,8,Other
Bill Callahan,Dream River,8,Other
Buke and Gase,General Dome,8,Other
Carla Bozulich,Boy,8,Other
Colin Stetson and Sarah Neufeld,Never Were the Way She Was,8,Other
Conor Oberst,Ruminations,8,Other
Daym\xc3\xa9 Arocena,Cubafon\xc3\xada,8,Other
Dean Blunt,Black Metal,8,Other
Destroyer,Poison Season,8,Other
Father John Misty,I Love You, Honeybear,8,Other
Feist,Pleasure,8,Other
Flying Lotus,You're Dead,8,Other
Joanna Newsom,Divers,8,Other
Marissa Nadler,Strangers,8,Other
Natalia Lafourcade,Musas Vol. 2,8,Other
Nick Cave & The Bad Seeds,Skeleton Tree,8,Other
Prurient,Frozen Niagara Falls,8,Other
Regina Spektor,Remember Us To Life,8,Other
Richard Dawson,Peasant,8,Other
Rosal\xc3\xada,Los \xc3\x81ngeles,8,Other
Sturgill Simpson,A Sailor's Guide To Earth,8,Other
The Bad Plus,Made Possible,8,Other
The Haxan Cloak,Excavation,8,Other
The Mountain Goats,Goths,8,Other
The Mountain Goats,Beat The Champ,8,Other
Timber Timbre,Hot Dreams,8,Other
Various Artists,Southern Family,8,Other
Various Artists,Pomegranates,8,Other
White Suns,Totem,8,Other
Wolves In the Throne Room,Celestite,8,Other
Xiu Xiu,Nina,8,Other
Zs,Xe,8,Other
Soap&Skin,Sugarbread 7,7,Other
Angel Olsen,Half Way Home,7,Other
BADBADNOTGOOD,IV,7,Other
BADBADNOTGOOD,III,7,Other
Benjamin Clementine,At Least For Now,7,Other
Black Mountain,IV,7,Other
Childish Gambino,Awaken, My Love!,7,Other
Christian Scott aTunde Adjuah,Stretch Music,7,Other
Colin Stetson,All This I Do For Glory,7,Other
Colin Stetson,New History Warfare Vol. 3: To See More Light,7,Other
Deakin,Sleep Cycle,7,Other
Father John Misty,God's Favorite Customer,7,Other
First Aid Kit,Ruins,7,Other
Grouper,The Man Who Died In His Boat,7,Other
Igorrr,Savage Sinusoid,7,Other
Jenny Hval,Innocence Is Kinky,7,Other
Jesca Hoop ,Memories Are Now,7,Other
John Prine,The Tree of Forgiveness,7,Other
Julien Baker,Turn Out the Lights,7,Other
Laura Marling,Once I Was An Eagle,7,Other
Makaya McCraven,Highly Rare,7,Other
Mark Kozelek,Mark Kozelek,7,Other
Meridian Brothers,Los Suicidas,7,Other
Moonface,Julia With Blue Jeans On,7,Other
Mount Eerie,Now Only,7,Other
Nils Frahm,Spaces,7,Other
Ondatr\xc3\xb3pica,Baile Bucanero,7,Other
Otis Brown III,The Thought of You,7,Other
Paul de Jong,IF,7,Other
Scott Walker,Bish Bosch,7,Other
Sufjan Stevens,Carrie & Lowell,7,Other
The Uncluded,Hokey Fright,7,Other
THEESatisfaction,EarthEE,7,Other
Vessel,Order of Noise,7,Other
Weird Al Yankovic,Mandatory Fun,7,Other
Whitey Morgan and the 78's,Sonic Ranch,7,Other
Anna Von Hausswolff,The Miraculous,6,Other
Brian Eno,LUX,6,Other
Co La,Moody Coup,6,Other
Jim O' Rourke,Simple Songs,6,Other
Kamasi Washington,Heaven and Earth,6,Other
Kurt Vile,B'lieve I'm Goin Down...,6,Other
Little Women,Lung,6,Other
Locrian,Return to Annihilation,6,Other
Lucinda Williams,The Ghosts of Highway 20,6,Other
Matana Roberts,Coin Coin Chapter 3: River Run Thee,6,Other
Mount Eerie,Sauna,6,Other
Panda Bear,Mr. Noah,6,Other
Park Jiha,Communion,6,Other
Scott Walker + Sunn o))),Soused,6,Other
Sharon Van Etten,Are We There,6,Other
Sleaford Mods,Divide & Exit,6,Other
Sun Kil Moon,Universal Themes,6,Other
Sunn O))) & Ulver,Terrestrials,6,Other
The Tallest Man On Earth,Dark Bird Is Home,6,Other
Thundercat,Drunk,6,Other
Thundercat,The Beyond / Where the Giants Roam,6,Other
Wreck and Reference,Want,6,Other
(Sandy) Alex G,Rocket,5,Other
Angel Olsen,Burn Your Fire For No Witness,5,Other
Avey Tare's Slasher Flicks,Enter The Slasher House,5,Other
Ben Frost,A U R O R A,5,Other
Damon Albarn,Everyday Robots,5,Other
Dawn of Midi,Dysnomia,5,Other
James McAlister / Sufjan Stevens / Nico Muhly / Bryce Dessner,Planetarium,5,Other
Michael Cera,True That,5,Other
Nick Cave and The Bad Seeds,Push The Sky Away,5,Other
Pharmakon,Bestial Burden,5,Other
Raury,All We Need,5,Other
Tim Hecker and Daniel Lopatin,Instrumental Tourist,5,Other
Beck,Morning Phase,4,Other
James Ferraro,Skid Row,4,Other
King Krule,The OOZ,4,Other
Macintosh Plus,Floral Shoppe,4,Other
Cal Chuchesta,The New CALassic,3,Other
John Frusciante,PBX Funicular Intaglio Zone,2,Other
Glasser,Interiors,NONE,Pop
Jagwar Ma,Howlin,NONE,Pop
Jenny Lewis,The Voyager,NONE,Pop
Lorde,Pure Heroine,NONE,Pop
Mazzy Star,Seasons Of Your Day,NONE,Pop
Sampha,DUAL,NONE,Pop
Ariel Pink,Pom Pom,9,Pop
FKA twigs,M3LL155X,9,Pop
Julia Holter,Have You In My Wilderness,9,Pop
Rina Sawayama,RINA,9,Pop
Alex Cameron,Forced Witness,8,Pop
Alvvays,Antisocialites,8,Pop
Ariel Pink,Dedicated to Bobby Jameson,8,Pop
Bj\xc3\xb6rk,Vulnicura,8,Pop
Carly Rae Jepsen,Emotion: Side B,8,Pop
Charli XCX,Vroom Vroom,8,Pop
Clarence Clarity,No Now,8,Pop
D'Angelo and The Vanguard,Black Messiah,8,Pop
Daft Punk,Random Access Memories,8,Pop
Everything Everything,Get to Heaven,8,Pop
FKA Twigs,LP1,8,Pop
Foxygen,We Are the 21st Century Ambassadors of Peace & Magic,8,Pop
Frank Ocean,Endless,8,Pop
Guerilla Toss,GT Ultra,8,Pop
Janelle Mon\xc3\xa1e,Dirty Computer,8,Pop
Julia Holter,Loud City Song,8,Pop
Kali Uchis,Isolation,8,Pop
Kelela ,Take Me Apart,8,Pop
Kero Kero Bonito,Bonito Generation,8,Pop
Kirin J Callinan,Bravado,8,Pop
Kyary Pamyu Pamyu,Nandacollection,8,Pop
La Roux,Trouble In Paradise,8,Pop
Lemon Demon,Spirit Phone,8,Pop
Lianne La Havas,Blood,8,Pop
Mariam The Believer,Blood Donation,8,Pop
MGMT,Little Dark Age,8,Pop
Perfume Genius,No Shape,8,Pop
Perfume Genius,Too Bright,8,Pop
Sampha,Process,8,Pop
Sharon Jones & The Dap-Kings,Soul of a Woman,8,Pop
Smith Westerns,Soft Will,8,Pop
Solange,A Seat At The Table,8,Pop
SOPHIE,Oil of Every Pearl's Un-Insides,8,Pop
tUnE-yArDs,Nikki Nack,8,Pop
Twin Shadow,Forget,8,Pop
U.S. Girls,In a Poem Unlimited,8,Pop
Unknown Mortal Orchestra,Multi-Love,8,Pop
White Hinterland,Baby,8,Pop
Wildbirds & Peacedrums,Rhythm,8,Pop
Xenia Rubinos,Black Terry Cat,8,Pop
Xiu Xiu,Forget,8,Pop
Young Fathers,White Men Are Black Men Too,8,Pop
A Sunny Day In Glasgow,Sea When Absent,7,Pop
Adele,25,7,Pop
alt-J,This Is All Yours,7,Pop
AlunaGeorge,Body Music,7,Pop
Ander .Paak ,Malibu,7,Pop
Bat For Lashes,The Haunted Man,7,Pop
Beach House,7,7,Pop
Bj\xc3\xb6rk,Utopia,7,Pop
Candy Claws,Ceres & Calypso In The Deep Time,7,Pop
Carly Rae Jepsen,Emotion,7,Pop
Chairlift,Moth,7,Pop
Charlie XCX,Pop 2,7,Pop
Charlie XCX,Number 1 Angel,7,Pop
Childish Gambino,Awaken, My Love!,7,Pop
Corbin,Mourn,7,Pop
Daniel Caeser,Freudian,7,Pop
David Byrne ,American Utopia,7,Pop
Disclosure,Settle,7,Pop
Florence + The Machine,How Big, How Blue, How Beautiful,7,Pop
Foxygen,Hang,7,Pop
Future Islands,Singles,7,Pop
Grimes,Art Angels,7,Pop
Holy Ghost!,Dynamics,7,Pop
Ibeyi,Ash,7,Pop
Janelle Mon\xc3\xa1e,The Electric Lady,7,Pop
Kesha,Rainbow,7,Pop
Kimbra,Primal Heart,7,Pop
King Krule,6 Feet Beneath The Moon,7,Pop
Kyary Pamyu Pamyu,Pikapika Fantajin,7,Pop
Lianne La Havas,Is Your Love Big Enough?,7,Pop
Lorde,Melodrama,7,Pop
Mac DeMarco,This Old Dog,7,Pop
Mac DeMarco,Another One,7,Pop
My Brightest Diamond,This Is My Hand,7,Pop
Neon Indian,VEGA INTL. Night School,7,Pop
NIKI,Zephyr,7,Pop
Olga Bell,Tempo,7,Pop
Owen Pallett,In Conflict,7,Pop
Paramore,After Laughter,7,Pop
Santigold,99 Cents,7,Pop
Sia,1000 Forms of Fear,7,Pop
Sleigh Bells,Jessica Rabbit,7,Pop
SZA,Ctrl,7,Pop
Tame Impala,Currents,7,Pop
The Magnetic Fields,50 Song Memoir,7,Pop
The Mary Onettes,Hit The Waves,7,Pop
Toro Y Moi,What For?,7,Pop
Vampire Weekend,Modern Vampires of the City,7,Pop
Wild Beasts,Present Tense,7,Pop
ANOHNI,Hopelessness,6,Pop
Beach House,Depression Cherry,6,Pop
Belle and Sebastian,Girls In Peacetime Want To Dance,6,Pop
Blonde Redhead,Barrag\xc3\xa1n,6,Pop
Blood Orange,Freetown Sound,6,Pop
Boots,AQU\xc9\x85RIA,6,Pop
Deradoorian,The Expanding Flower Planet,6,Pop
Erykah Badu,But You Caint Use My Phone,6,Pop
Everything Everything,A Fever Dream,6,Pop
Future Islands,The Far Field,6,Pop
Gorillaz,The Now Now,6,Pop
Hot Chip,Why Make Sense?,6,Pop
iamamiwhoami,Blue,6,Pop
Jens Lekman,Life Will See You Now,6,Pop
Katy Perry,Witness,6,Pop
Lady Gaga,Joanne,6,Pop
Lady Gaga,Artpop,6,Pop
Lana Del Ray,Lust For Life,6,Pop
Little Dragon,Nabuma Rubberband,6,Pop
Lykke Li,I Never Learn,6,Pop
M\xc3\xb8,No Mythologies To Follow,6,Pop
Mac DeMarco,2,6,Pop
Miguel,Kaleidoscope Dream,6,Pop
Poppy,Poppy.Computer,6,Pop
Rhye,Woman,6,Pop
Sisu,Blood Tears,6,Pop
Teyena Taylor,K.T.S.E.,6,Pop
The xx,I See You,6,Pop
Washed Out,Paracosm,6,Pop
Young Fathers,Cocoa Sugar,6,Pop
Zola Jesus,Okovi,6,Pop
alt-J,Relaxer,5,Pop
Animal Collective,Painting With,5,Pop
Banks,The Altar,5,Pop
Banks,Goddess,5,Pop
Bat For Lashes,The Bride,5,Pop
Beach Fossils,Somersault,5,Pop
Beach House,Thank Your Lucky Stars,5,Pop
Chromeo,White Women,5,Pop
CHVRCHES,Every Open Eye,5,Pop
Coldplay,A Head Full of Dreams,5,Pop
Destroyer,ken,5,Pop
Fever Ray,Plunge,5,Pop
Gorillaz,Humanz,5,Pop
Haim,Something to Tell You,5,Pop
Hiatus Kaiyote,Choose Your Weapon,5,Pop
Jon Bellion,The Human Condition,5,Pop
Justin Timberlake,The 20/20 Experience,5,Pop
Lana Del Rey,Honeymoon,5,Pop
Local Natives,Hummingbird,5,Pop
Mac Demarco,Salad Days,5,Pop
Miguel,Wildheart,5,Pop
Morrissey,World Peace is None of Your Business,5,Pop
of Montreal,Innocence Reaches,5,Pop
Phoenix,Bankrupt!,5,Pop
Porches,Pool,5,Pop
Real Estate,In Mind,5,Pop
Shamir,Ratchet,5,Pop
Shlohmo & Jeremih,No More,5,Pop
Snoop Dogg,Bush,5,Pop
Spooky Black,Leaving,5,Pop
Temples,Sun Structures,5,Pop
The Flaming Lips,Oczy Mlody,5,Pop
The Internet,Ego Death,5,Pop
The Weeknd,Starboy,5,Pop
The Weeknd,Beauty Behind the Madness,5,Pop
The Weeknd,Kiss Land,5,Pop
Tune-Yards,I Can Feel You Creep Into My Private Life,5,Pop
Unkown Mortal Orchestra,Sex & Food,5,Pop
Wild Nothing,Life of Pause,5,Pop
The 1975,I Like It When You Sleep, for You Are So Beautiful Yet So Unaware of It,4,Pop
Arcade Fire,Everything Now,4,Pop
Coldplay,Ghost Stories,4,Pop
Cults,Static,4,Pop
Ed Sheeran,Divide,4,Pop
Jonathan Rado,Law & Order,4,Pop
Kacey Musgraves,Golden Hour,4,Pop
Panda Bear,Panda Bear Meets the Grim Reaper,4,Pop
PartyNextDoor,P3,4,Pop
Princess Nokia,A Girl Cried Red,4,Pop
Purity Ring,Another Eternity,4,Pop
Raury,Indigo Child,4,Pop
Rihanna,ANTI,4,Pop
Sam Smith,The Thrill of It All,4,Pop
Sky Ferreira,Night Time, My Time,4,Pop
SZA,Z,4,Pop
Taylor Swift,Reputation,4,Pop
Toro Y Moi,Anything In Return,4,Pop
Twenty One Pilots,Blurryface,4,Pop
Weezer,Pacific Daydream,4,Pop
Zayn,Mind of Mine,4,Pop
Charli XCX,True Romance,3,Pop
Chet Faker,Built On Glass,3,Pop
Justin Timberlake,Man of the Woods,3,Pop
M83,JUNK,3,Pop
Pharrell,G I R L,3,Pop
Real Estate,Atlas,3,Pop
STRFKR,Miracle Mile,3,Pop
Tegan and Sara,Heartthrob,3,Pop
Twin Shadow,Eclipse,3,Pop
Willow Smith,Ardipithecus,3,Pop
Blood Orange,Cupid Deluxe,2,Pop
Lana Del Rey,Ultraviolence,2,Pop
PartyNextDoor,Two,2,Pop
Miley Cyrus,Miley Cyrus and Her Dead Petz,1,Pop
Primal Scream,More Light,NONE,Rock
Sigur R\xc3\xb3s,Kveikur,NONE,Rock
The Dismemberment Plan,Uncanny Valley,NONE,Rock
Marilyn Manson,The Pale Emperor,6(66),Rock
Swans,To Be Kind,10,Rock
David Bowie,\xe2\x98\x85 (Blackstar),9,Rock
Jack White,Boarding House Reach,9,Rock
Parquet Courts,Wide Awake!,9,Rock
Queens of the Stone Age,...Like Clockwork,9,Rock
Swans,The Glowing Man,9,Rock
The Pop Group,Citizen Zombie,9,Rock
Xiu Xiu,Plays the Music of Twin Peaks,9,Rock
Alabama Shakes,Sound & Color,8,Rock
Algiers,The Underside of Power,8,Rock
Angel Olson,My Woman,8,Rock
Beach Fossils,Clash The Truth,8,Rock
Big Ups,Before A Million Universes,8,Rock
Cage The Elephant,Melophobia,8,Rock
Car Seat Headrest,Twin Fantasy (Face to Face),8,Rock
Car Seat Headrest,Teens of Denial,8,Rock
Chelsea Wolfe,Pain Is Beauty,8,Rock
Code Orange ,Forever,8,Rock
Death From Above,Outrage! Is Now,8,Rock
Future Of The Left,How To Stop Your Brain In An Accident,8,Rock
Have A Nice Life,The Unnatural World,8,Rock
Hop Along,Painted Shut,8,Rock
Jeff Rosenstock,Worry,8,Rock
Jeff Rosenstock,We Cool?,8,Rock
King Gizzard & The Lizard Wizard,Flying Microtonal Banana,8,Rock
King Gizzard & The Lizard Wizard,Nonagon Infinity,8,Rock
Kurt Vile,Wakin On A Pretty Daze,8,Rock
My Bloody Valentine,MBV,8,Rock
of Montreal,Lousy With Sylvianbriar,8,Rock
Oh Sees,Orc,8,Rock
Ought,Sun Coming Down,8,Rock
Oxbow,Thin Black Duke,8,Rock
Pile,Dripping,8,Rock
Savages,Silence Yourself,8,Rock
Screaming Females,All at Once,8,Rock
Silver Mount Zion,Fuck Off Get Free We Pour Light On Everything,8,Rock
Sleaford Mods,Key Markets,8,Rock
Swain,The Long Dark Blue,8,Rock
The Drones,Feelin' Kinda Free,8,Rock
The Drones,I See Seaweed,8,Rock
The Evens,The Odds,8,Rock
The Voidz,Virtue,8,Rock
The Wytches,Annabel Dream Reader,8,Rock
Tropical Fuckstorm,A Laughing Death in Meatspace,8,Rock
Ty Segall,Emotional Mugger,8,Rock
Weezer,Weezer (The White Album),8,Rock
Adventures,Supersonic Home,7,Rock
BADBADNOTGOOD,IV,7,Rock
Beach Slang,The Things We Do To Find People Who Feel Like Us,7,Rock
Black Lips,Satan's Graffiti or God's Art?,7,Rock
Black Mountain,IV,7,Rock
Blur,The Magic Whip,7,Rock
Brand New,Science Fiction,7,Rock
Broken Social Scene,Hug of Thunder,7,Rock
Car Seat Headrest,Teens of Style,7,Rock
Chelsea Wolfe,Unknown Rooms: A Collection of Acoustic Songs,7,Rock
Deerhoof,La Isla Bonita,7,Rock
Deerhoof ,The Magic,7,Rock
Ice Age,Beyondless,7,Rock
Iggy Pop ,Post-Pop Depression,7,Rock
Julian Casablancas + The Voidz,Tyranny,7,Rock
King Gizzard & The Lizard Wizard,Gumboot Soup,7,Rock
King Gizzard & the Lizard Wizard,Paper M\xc3\xa2ch\xc3\xa9 Dream Balloon,7,Rock
La Dispute,The Rooms of the House,7,Rock
Makthaverskan,II,7,Rock
Marching Church,Telling It Like It Is,7,Rock
Modern Baseball,Holy Ghost,7,Rock
Nine Inch Nails,Bad Witch,7,Rock
No Age,Snares Like A Haircut,7,Rock
Ought,More Than Any Other Day,7,Rock
Pissed Jeans,Why Love Now,7,Rock
Protomartyr,The Agent Intellect,7,Rock
Remo Drive,Greatest Hits,7,Rock
Roger Waters,Is This the Life We Really Want?,7,Rock
Sleaford Mods,English Tapas,7,Rock
Sleigh Bells,Jessica Rabbit,7,Rock
Spoon,Hot Thoughts,7,Rock
Spoon,They Want My Soul,7,Rock
The Black Heart Rebellion,Har Nevo,7,Rock
The Debauchees,Big Machines and Peculiar Beings,7,Rock
The Game,The Next Day,7,Rock
The National,Sleep Well Beast,7,Rock
The War On Drugs,Lost In The Dream,7,Rock
The World Is A Beautiful Place & I Am No Longer Afraid To Die,Harmlessness,7,Rock
The World Is A Beautiful Place And I Am No Longer Afraid To Die,Whenever, If Ever,7,Rock
Tony Molina,Dissed and Dismissed,7,Rock
TTNG (This Town Needs Guns),13.0.0.0.0,7,Rock
Ty Segall,Freedom's Goblin,7,Rock
Unknown Mortal Orchestra,II,7,Rock
USA Out of Vietnam,Crashing Diseases and Incurable Airplanes,7,Rock
Weezer,Everything Will Be Alright In The End,7,Rock
Woods,City Sun Eater in the River of Light,7,Rock
Xiu Xiu,Angel Guts: Red Classroom,7,Rock
Yo La Tengo,Fade,7,Rock
Yucky Duster,Duster's Lament,7,Rock
Cage the Elephant,Tell Me I'm Pretty,6,Rock
Alex G,Beach Music,6,Rock
Battles,La Di Da Di,6,Rock
Big Ups,Two Parts Together,6,Rock
Bloc Party,Hymns,6,Rock
Cloud Nothings,Here And Nowhere Else,6,Rock
Courtney Barnett,Tell Me How You Really Feel,6,Rock
Crystal Stilts,Nature Noir,6,Rock
Death From Above 1979,The Physical World,6,Rock
Deerhunter,Fading Frontier,6,Rock
Deerhunter,Monomania,6,Rock
Deftones,Koi No Yokan,6,Rock
DIIV,Is The Is Are,6,Rock
Dumbo Gets Mad,Quantum Leap,6,Rock
Foo Fighters,Concrete and Gold,6,Rock
Glassjaw,Material Control,6,Rock
Godspeed You! Black Emperor,Asunder, Sweet and Other Distress,6,Rock
Grave Babies,Holographic Violence,6,Rock
Grizzly Bear,Painted Ruins,6,Rock
Hinds,Leave Me Alone,6,Rock
Holograms,Forever,6,Rock
Joyce Manor,Never Hungover Again,6,Rock
Kayo Dot,Coffins On Io,6,Rock
King Gizzard & The Lizard Wizard,Murder of the Universe,6,Rock
Liam Gallagher,As You Were,6,Rock
Marching Church,This World Is Not Enough,6,Rock
Mogwai,Rave Tapes,6,Rock
Nine Inch Nails,Hesitation Marks,6,Rock
No Age,An Object,6,Rock
of Montreal,Aureate Gloom,6,Rock
Phosphorescent,Muchacho,6,Rock
Pile,You're Better Than This,6,Rock
Pink Floyd,The Endless River,6,Rock
Pond,Man, It Feels Like Space Again,6,Rock
Queens of the Stone Age,Villains,6,Rock
Savages,Adore Life,6,Rock
Screaming Females,Rose Mountain,6,Rock
Shellac,Dude Incredible,6,Rock
Steven Wilson,Hand. Cannot. Erase.,6,Rock
The Flaming Lips,The Terror,6,Rock
The Hotelier,Home, Like NoPlace Is There,6,Rock
The Killers,Wonderful Wonderful,6,Rock
The Libertines,Anthems For Doomed Youth,6,Rock
The World Is A Beautiful Place & I Am No Longer Afraid To Die,Always Foreign,6,Rock
The Wytches,All Your Happy Life,6,Rock
Thee Oh Sees,Mutilator Defeated At Last,6,Rock
Titus Andronicus,Local Business,6,Rock
Tomahawk,Oddfellows,6,Rock
TVOTR,Seeds,6,Rock
Ty Segall,Manipulator,6,Rock
Veronica Falls,Waiting For Something To Happen,6,Rock
Vreid,V,6,Rock
Wavves,Afraid of Heights,6,Rock
Wilco,Schmilco,6,Rock
Wilco,Star Wars,6,Rock
Zammuto,Anchor,6,Rock
Timber Timbre,Sincerely, Future Pollution,5,Rock
Courtney Barnett,Sometimes I Sit and Think, and Sometimes I Just Sit,5,Rock
A Perfect Circle,Eat the Elephant,5,Rock
Against Me!,Transgender Dysphoria Blues,5,Rock
AJJ,The Bible 2,5,Rock
Andrew Jackson Jihad,Christmas Island,5,Rock
Arcade Fire,Reflektor,5,Rock
Death Cab For Cutie,Kintsugi,5,Rock
Desaparecidos,Payola,5,Rock
Foals,What Went Down,5,Rock
Foals,Holy Fire,5,Rock
Foo Fighters,Sonic Highways,5,Rock
Goat,World Music,5,Rock
Godspeed You! Black Emperor,Luciferian Towers,5,Rock
Jack White,Lazaretto,5,Rock
King Gizzard & The Lizard Wizard / Mild High Club,Sketches of Brunswick East,5,Rock
mewithoutYOU,Pale Horses,5,Rock
Modest Mouse,Strangers To Ourselves,5,Rock
Muse,Drones,5,Rock
Preoccupations,New Material,5,Rock
Red Hot Chilli Peppers,The Getaway,5,Rock
Steven Wilson,The Raven That Refused To Sing (And Other Stories),5,Rock
The Garden,Haha,5,Rock
The Strokes,Comedown Machine,5,Rock
The War on Drugs,A Deeper Understanding,5,Rock
The Wonder Years,No Closer To Heaven,5,Rock
The World Is A Beautiful Place...,Between Bodies,5,Rock
Thee Oh Sees,Floating Coffin,5,Rock
Titus Andronicus,A Productive Cough,5,Rock
Torres,Sprinter,5,Rock
Yeah Yeah Yeahs,Mosquito,5,Rock
Beck,Colors,4,Rock
Explosions in the Sky,The Wilderness,4,Rock
FIDLAR,Too,4,Rock
Iggy And The Stooges,Ready To Die,4,Rock
Parquet Courts,Sunbathing Animal,4,Rock
Pianos Become The Teeth,Keep You,4,Rock
Pixies,Indie Cindy,4,Rock
Refused,Freedom!,4,Rock
The Black Keys,Turn Blue,4,Rock
The Men,New Moon,4,Rock
The National,Trouble Will Find Me,4,Rock
The Soft Moon,Zeros,4,Rock
Tiny Moving Parts,Swell,4,Rock
Title Fight,Hyperview,4,Rock
Titus Andronicus,The Most Lamentable Tragedy,4,Rock
Wavves,V,4,Rock
Arctic Monkeys,AM,3,Rock
Citizen,Everybody Is Going To Heaven,3,Rock
Daughter ,Not To Disappear,3,Rock
Green Day,Revolution Radio,3,Rock
AFI,Burials,2,Rock
Foxygen,...And Star Power,2,Rock
John Frusciante,Enclosure,2,Rock
Dance Gavin Dance,Instant Gratification,1,Rock
Post Malone,August 26th,whitegirlturnupmusic,
Mr. Muthafuckin / eXquire,Lost In Translation,UNKNOWN,
Small Black,New Chain,UNKNOWN,
Ravyn  Lenae,Crush,solid,
Quality Control,Control the Streets, Vol.1,really inconsistent comp, pick out the best tracks,
Lou the Human,Humaniac,PGOODMAYBEA7,
Remo Drive,Pop Music,notbad,
21 Savage and Metro Boomin,Savage Mode,NOT GOOD,
Blink-182,California,NOT GOOD,
Brain,I'm Brain,NOT GOOD,
Corey Feldman,Angelic 2 The Core,NOT GOOD,
Desiigner,New English,NOT GOOD,
Fall Out Boy,Mania,NOT GOOD,
Future,HNDRXX,NOT GOOD,
Godsmack,When Legends Rise,NOT GOOD,
Lil Peep,Come Over When You're Sober, Pt. 1,NOT GOOD,
Lil Xan,Total Xanarchy,NOT GOOD,
Linkin Park,One More Light,NOT GOOD,
Meshuggah,The Violent Sleep of Reason,NOT GOOD,
Nav,Reckless,NOT GOOD,
Post Malone,Stoney,NOT GOOD,
Skillet,Unleashed ,NOT GOOD,
The Chainsmokers,Memories... Do Not Open,NOT GOOD,
Tove Lo,Lady Wood,NOT GOOD,
Trisha Paytas,Show Time,NOT GOOD,
Wendy's,We Beefin? ,NOT GOOD,
$uicideBoy$,Eternal Grey ,none,
$uicideBoy$,Radical $uicide ,none,
2 Chainz,Pretty Girls Like Trap,none,
Actress,R.I.P.,NONE,
Alvvays,Alvvays,NONE,
Animal Collective,The Painters,none,
At The Drive-In,in\xe2\x80\xa2ter a\xe2\x80\xa2li\xe2\x80\xa2a,none,
Beach House,B-Sides and Rarities,none,
Bj\xc3\xb6rk,Biophilia,NONE,
Bleachers,Gone Now,none,
Brain Tenticles,Self-Titled ,none,
Bryson Tiller,True to Self,none,
Calvin Harris,Funk Wav Bounces Vol. 1,none,
Cashmere Cat,9,none,
Chris Stapleton,From A Room: Volume 1,none,
CHVRCHES,The Bones of What You Believe,NONE,
David Bowie,No Plan,none,
De La Soul,And The Anonymous Nobody,none,
Death Grips,Steroids (Crouching Tiger Hidden Gabber Megamix),none,
Deathspell Omega,The Synarchy of Molten Bones,none,
Deerhoof,Breakup Song,NONE,
Dinosaur Jr.,Give a Glimpse of What Yer Not,none,
DJ Khaled,Grateful,none,
EDEN,vertigo,none,
Flume ,Skin Companion II,none,
Fuzz,Fuzz,NONE,
Ghost,Popestar,none,
Gonjasufi,Callus,none,
Gucci Mane & Metro Boomin,Drop Top Wop,none,
Haim,Days Are Gone,NONE,
J.I.D,The Never Story,none,
Joji,In Tounges,none,
JPEGMAFIA x Freaky,The 2nd Amendment ,none,
Lil B,I'm Gay (I'm Happy),NONE,
Mac Miller,Macadelic,NONE,
Omar Souleyman,To Syria, With Love,none,
Paul White ft. Danny Brown,Accelerator,none,
Pile,A Hairshirt of Purpose ,none,
Playboi Carti,Playboi Carti,none,
Portugal. The Man,Woodstock,none,
Roy Woods,Waking at Dawn,none,
Sadsic,Sadsic,NONE,
Snoop Dogg,Neva Left,none,
The I.L.Y.'s,Bodyguard,none,
The Orwells,Disgracedland,NONE,
The Roots,Undun,NONE,
Thee Oh Sees,An Odd Entrance,none,
Theophilus London,Timez Are Weird These Days,NONE,
Tobacco ,Sweatbox Dynasty,none,
Toro y Moi,Boo Boo,none,
Ty Dolla $ign,The Campaign,none,
Various Artists,Cruel Summer,NONE,
Wavves,You're Welcome,none,
Freddie Gibbs,Freddie,meh,
Saba ,CARE FOR ME,meh,
Rejjie Snow,Dear Annie,lukewarm,
Gucci Mane,El Gato, The Human Glacier,it's solid,
Lady Gaga,Born This Way,he threw up,
Limp Bizkit,Gold Cobra,he just ate,
Dangermouse and Sparklehorse,Dark Night of the Soul,he discussed copyright,
Kero Kero Bonito,TOTEP,disappointing,
Lil Skies,Life of a Dark Rose,dime-a-dozen,
Deerhoof,Deerhoof vs Evil,Deerhoof won,
A Tribe Called Quest,The Low End Theory,CLASSIC,
Daivd Bowie,The Rise and Fall of Ziggy Stardust and Spiders From Mars,classic,
Dead Kennedys,Plastic Surgery Disasters,CLASSIC,
Emperor,In The Nightslide Eclipse,classic,
Frank Zappa,Hot Rats,CLASSIC,
Godspeed You! Black Emperor,Lift Yr. Skinny Fists Like Antennas to Heaven!,CLASSIC,
King Crimson,In the Court of the Crimson King,CLASSIC,
Madvillain,Madvillainy,CLASSIC,
Miles Davis,Bitches Brew,CLASSIC,
My Bloody Valentine,Loveless,CLASSIC,
The Velvet Underground & Nico,The Velvet Underground & Nico,CLASSIC,
Wu-Tang Clan,Enter the Wu-Tang: 36 Chambers,CLASSIC,
Pink Guy,Pink Guy,burp,
Lil B,Platinum Free,based,
GFOTY,GFOTYBUCKS,banging,
Ruin,Plague Transmissions Vol. 1,awesomely nasty,
Death Grips,The Money Store,10,
KIDS SEE GHOSTS,KID SEE GHOSTS,10,
A Tribe Called Quest,We Got It from Here... Thank You 4 Your Service ,9,
A.A.L. (Against All Logic),2012 - 2017,9,
BADBADNOTGOOD,BBNG2,9,
Battles,Gloss Drop,9,
Beastie Boys,Hot Sauce Committee Part Two,9,
Big K.R.I.T.,4eva Is a Might Long Time,9,
Big K.R.I.T.,Returnof4eva,9,
Chromeo,Business Casual,9,
Destroyer,Kaputt,9,
Disma,Towards the Megalith,9,
Dope Body,Natural History,9,
Fiona Apple,The Idler Wheel...,9,
Fleet Foxes,Helplessness Blues,9,
Gonjasufi,A Sufi and a Killer ,9,
LCD Soundsystem,This Is Happening,9,
Little Women,Throat,9,
Nails,Unsilent Death,9,
Ondatr\xc3\xb3pica,Ondatr\xc3\xb3pica,9,
Perfume Genius,Put Your Back N 2 It,9,
The Books,The Way Out,9,
TNGHT,TNGHT,9,
Women,Public Strain,9,
Gorguts,Pleaides,8,
Mogwai,Hardcore Will Never Die, but You Will,8,
Tim Hecker,Ravedeath, 1972,8,
Ab-Soul,Control System,8,
Absu,Abzu,8,
Africa Hitech,93 Million Miles,8,
Agalloch,Marrow of the Spirit,8,
Algiers,Algiers,8,
Alt-J,An Awesome Wave,8,
Andrew Jackson Jihad,Knife Man,8,
Andrew W.K.,You\xe2\x80\x99re Not Alone,8,
Arcade Fire,The Suburbs,8,
Arckanum,\xc3\x9e\xc3\x9e\xc3\x9e\xc3\x9e\xc3\x9e\xc3\x9e\xc3\x9e\xc3\x9e\xc3\x9e\xc3\x9e\xc3\x9e ,8,
Ariel Pink's Haunted Graffiti,Before Today,8,
ASAP Rocky,LiveLoveA$AP,8,
BADBADNOTGOOD,BBNG,8,
Baths,Cerulean,8,
Beach House,Bloom,8,
Beyonce,Lemonade,8,
Big K.R.I.T.,4evaNaDay,8,
Billy Woods,History Will Absolve me,8,
Black Breath,Sentenced to Life,8,
Blonde Redhead,Penny Sparkle,8,
Bongripper,Satan Worshipping Doom,8,
Brian Eno,Small Craft On A Milk Sea,8,
British Sea Power,Valhalla Dancehall,8,
Burial,Kindred,8,
Ceremony,Rohnert Park,8,
Chelsea Wolfe,\xe1\xbc\x88\xcf\x80\xce\xbf\xce\xba\xce\xac\xce\xbb\xcf\x85\xcf\x88\xce\xb9\xcf\x82 (Apocalypse / Apokalypsis),8,
Christian Mistress,Possession,8,
clipping.,Splendor & Misery ,8,
Cloud Nothings,Attack On Memory,8,
Colin Stetson,New History Warfare Vol. 2: Judges,8,
Comadre,Comadre,8,
Converge,The Dusk in Us,8,
Converge,All We Love We Leave Behind,8,
Cormorant,Dwellings,8,
Craft Spells,Idle Labor,8,
Crying ,Beyond the Fleeting Gate,8,
Crystal Stilts,In Love With Oblivion,8,
CunninLynguists,Oneirology,8,
Daniel Rossen,Silent Hour / Golden Mile,8,
Danny Brown,XXX,8,
Daughters,Daughters,8,
Death Grips,NO LOVE DEEP WEB,8,
Death Grips,Exmilitary,8,
Deathspell Omega,Drought,8,
Deerhunter,Halcyon Digest,8,
Diamond Rings,Special Affections,8,
Dirty Projectors and Bjork,Mount Wittenberg Orca,8,
Dope Body,Lifer,8,
Dumbo Gets Mad,Elephants at the Door,8,
Elzhi,Elmatic,8,
Fergus & Geronimo,Unlearn,8,
Fleet Foxes,Crack Up,8,
Flying Lotus,Pattern+Grid World,8,
Flying Lotus,Cosmogramma,8,
Foxygen,Take the Kids Off Broadway,8,
Frank Ocean,Blonde/Endless,8,
Ghost,Opus Eponymous,8,
Ghostface Killah,Apollo Kids,8,
Ghoul,Transmission Zero,8,
Giles Corey,Giles Corey,8,
Girl Talk,All Day,8,
Glasser,Ring,8,
Glasser,Ring,8,
Godspeed You! Black Emperor,'Allelujah! Don't Bend! Ascend!,8,
Havok,Time Is Up,8,
Heems,Nehru Jackets,8,
High On Fire,De Vermis Mysteriis,8,
High On Fire,Snakes for the Divine ,8,
Holograms,Holograms,8,
Holy Ghost!,Holy Ghost!,8,
Hop Along,8,8,
iamamiwhoami,Kin,8,
Iceage,New Brigade,8,
Janelle Mon\xc3\xa1e,The ArchAndroid,8,
Jean Grae / Quelle Chris,Everything's Fine,8,
Joey Bada$$,All Amerikkkan Bada$$,8,
John Talabot,fin,8,
Kendrick Lamar,untitled unmastered,8,
Kendrick Lamar,Section.80,8,
Kids & Explosions,Shit Computer,8,
Killer Mike,R.A.P. Music,8,
Krallice,Years Past Matter,8,
Kvelertak,Kvelertak,8,
La Dispute,Wildlife,8,
Laurie Anderson,Homeland,8,
Little Dragon,Ritual Union,8,
Liturgy,Aesthethica,8,
Loma Prieta,I.V.,8,
Lone,Galaxy Garden,8,
Luke Abbott,Holkham Drones,8,
Magic Kids,Memphis,8,
Matana Roberts,Coin Coin Chapter One: Gens de Couleur Libres,8,
Matthew Dear,Beams,8,
MGMT,Congratulations ,8,
Milo,I Wish My Brother Rob Was Here,8,
Mogwai,Special Moves,8,
Murder Construct,Results,8,
Murmur,Murmur,8,
Nachtmystium,Silencing Machine,8,
Napalm Death,Apex Predator -- Easy Meat,8,
Natural Child,Natural Child,8,
Neil Cicierega,Mouth Sounds / Mouth Silence,8,
Neurosis,Flames Within Flames,8,
Nicolas Jaar,Space Is Only Noise,8,
Nine Inch Nails,Not The Actual Events,8,
Oblivionized,Abhorrent Evolution,8,
Off!,First Four,8,
Oneohtrix Point Never,Replica,8,
Pearls Negras,Biggie Apple,8,
PJ Harvey,Let England Shake,8,
Poor Lily,Poor Lily,8,
Portico Quartet,Portico Quartet,8,
Preoccupations,Self-Titled ,8,
Protomartyr,Relatives in Descent,8,
Pusha T,Daytona,8,
Radiohead, A Moon Shaped Pool,8,
Rapsody,Laila's Wisdom,8,
Ratatat,LP4,8,
Recondite,On Acid,8,
Reks,R.E.K.S.,8,
Run the Jewels,RTJ3,8,
Run The Jewels,Run The Jewels,8,
SBTRKT,SBTRKT,8,
Shabazz Palaces,Black Up,8,
Soap&Skin,Narrow,8,
Sons of Kemet,Your Queen is a Reptile,8,
Spiritualized,Sweet Heart Sweet Light,8,
St. Vincent,Strange Mercy,8,
Stone Titan,Scratch N' Sniff,8,
Sufjan Stevens,All Delighted People,8,
Superhumanoids,Urgency,8,
Swans,The Seer,8,
Tame Impala,Lonerism,8,
The Drums,The Drums,8,
The Gaslamp Killer,Breakthrough,8,
The I.L.Y.'s,Scum With Bounderies,8,
The Log.Os,\xce\xbb\xcf\x8c\xce\xb3\xce\xbf\xcf\x82,8,
The Mountain Goats,All Eternals Deck,8,
The Pains of Being Pure at Heart,Belong,8,
The Radio Dept.,Clinging To A Scheme,8,
The Roots,How I Got Over,8,
The Souljazz Orchestra,Rising Sun,8,
The Tallest Man On Earth,There's No Leaving Now,8,
The Tallest Man On Earth,Sometimes the Blues Is Just a Passing Bird,8,
The Tallest Man On Earth,The Wild Hunt ,8,
The UV Race,Homo,8,
The Weeknd,Echoes of Silence,8,
Thee Oh Sees,A Wierd Exits,8,
THEESatisfaction,awE naturalE,8,
Theophilus London,Lover's Holiday,8,
Thundercat,The Golden Age of Apocalypse,8,
Timber Timbre,Creep On Creepin' On,8,
Torche,Harmonicraft,8,
Touch\xc3\xa9 Amor\xc3\xa9,Is Survived By,8,
Toxic Holocaust,Conjure and Command,8,
Ty Segall & White Fence,Hair,8,
Ty Segall Band,Slaughterhouse,8,
Uncommon Nasa,Written at Night,8,
Various Artists,Afro-Beat Airways,8,
Vektor,Outer Isolation,8,
Veronica Falls,Veronica Falls,8,
Wavves,King of the Beach,8,
Weekend,Sports,8,
White Suns,Sinews,8,
Wild Nothing,Nocturne,8,
Woods,At Echo Lake,8,
Wormrot,Dirge,8,
Xibalba,Hasta La Muerte,8,
Young Fathers,Tape One,8,
Young Thug / Carnage,Young Martha,8,
Zombi,Escape Velocity,8,
Gorillaz,Plastic Beach,7,
Suns,The Engine Room,7,
Earth,Angels of Darkness, Demons of Light I,7,
A-1,After School Special,7,
Aesop Rock,Skelethon,7,
Alice Glass,Alice Glass,7,
All Pigs Must DIe,All Pigs Must DIe,7,
Amon Tobin,ISAM,7,
Antemasque,Antemasque,7,
Apathy,Honkey Kong,7,
Balkans,Balkans,7,
Baroness,Yellow and Green,7,
Bicep,Bicep,7,
Big Blood,Dark Country Magic,7,
Big K.R.I.T.,King Remembered In Time,7,
Big K.R.I.T.,Live From the Underground,7,
Black Milk & Danny Brown,Black & Brown,7,
Black Tambourine,Black Tambourine,7,
Bloc Party,Four,7,
Blood Ceremony,Living With the Ancients,7,
Braids,Native Speaker,7,
Bruno Mars,24k Magic,7,
Cake,Showroom of Compassion,7,
case/lang/veirs,case/lang/veirs,7,
Cee Lo Green,The Lady Killer,7,
Cerce,Tour Sampler CD-R,7,
Chairlift,Something,7,
Chris Stapleton,From A Room: Volume 2,7,
Civil Civic,Rules,7,
Clams Casino,Instrumentals 2,7,
Clockwork Indigo,Clockwork Indigo,7,
Coma Cinema,Blue Suicide,7,
Comet Gain,Howl of the Lonely Crowd,7,
Corpo-Mente,Corpo-Mente,7,
Crystal Castles,Crystal Castles,7,
Cynic,Carbon-Based Anatomy,7,
Dam-Funk,Invite the Light,7,
Dark Time Sunshine,ANX,7,
David Byrne & St. Vincent,Love This Giant,7,
Dead Cross,Dead Cross,7,
Death Cab for Cutie,Codes and Keys,7,
Dinosaur Jr.,I Bet On Sky,7,
Dirty Projecters,Dirty Projecters,7,
Dr. John,Locked Down,7,
Eprom,Metahuman,7,
First  Aid Kit,The Lion's Roar,7,
Flying Lotus,Until the Quiet Comes,7,
Four Tet,Pink,7,
Frank Ocean,Channel Orange,7,
Future Islands,In Evening Air,7,
Girls,Father, Son, Holy Ghost,7,
Gnaw Their Tongues,Eschatological Scatology,7,
Goatwhore,Blood For the Master,7,
Gold Panda,Lucky Shiner,7,
Grinderman,Grinderman 2,7,
H-SIK,Cocody,7,
Harlem,Hippies,7,
Havok,Comformicide,7,
Here We Go Magic,Pigeons,7,
Herman Dune,Strange Moosic,7,
Holy Fuck,Latin,7,
Hot Chip,In Our Heads,7,
Hudson Mohawke,Satin Panthers,7,
I Am Your Destruction,I Am Your Destruction,7,
Ibibio Sound Machine,Ibibio Sound Machine,7,
Jacaszek,Glimmer,7,
James Blake,Overgrown,7,
James Blake,James Blake,7,
Jens Lekman,I Know What Love Isn't,7,
Jessica Pratt,Jessica Pratt,7,
Joey Bada$$,1999,7,
Kate Bush,50 Words For Snow,7,
Kindness,World, You Need a Change of Mind,7,
King Gizzard & The Lizard Wizard,Polygonwanaland,7,
King Krule,King Krule,7,
Laura Marling,Short Movie,7,
Lazer/Wulf,The Beast of Left and Right,7,
Liars,WIXIW,7,
Lil Pump,Lil Pump,7,
LUMP,LUMP,7,
Macklemore and Ryan Lewis,The Heist,7,
Maserati,Pyramid of the Sun,7,
Master Musicians of Bukkake,Totem 3,7,
Matthew Dear,Black City,7,
Melt Yourself Down,Melt Yourself Down,7,
Metronomy,The English Riviera,7,
Miami Horror,Illumination,7,
Mount Eerie,Clear Moon,7,
Neil Young & Crazy Horse,Americana,7,
Nevemn,Self-Titled ,7,
Noveller,Desert Fires,7,
of Montreal,Paralytic Stalks,7,
OFF!,OFF!,7,
OG Maco,OG Maco,7,
Open Mike Eagle,4NML HSPTL,7,
Pallbearer,Sorrow and Extinction,7,
Parquet Courts,Human Preformance,7,
Parquet Courts,Light Up Gold,7,
Pissgrave,Suicide Euphoria,7,
PJ Harvey,The Hope Six Demolution Project,7,
Pop. 1280,The Horror,7,
R. Stevie Moore,Lo Fi Hi Fives,7,
Rival Sons,Pressure & Time,7,
Roomful of Teeth,Roomful of Teeth,7,
Rustie,Glass Swords,7,
Sharon Van Etten,Tramp,7,
Sharon Van Etten,Epic,7,
Shlohmo,Vacation,7,
Shlohmo,Bad Vibes,7,
Sigur R\xc3\xb3s,Valtari,7,
Siriusmo,Mosaik,7,
Sisyphus,Sisyphus,7,
Skrillex,Scary Monsters and Nice Sprites,7,
Sleater-Kinney,No Cities to Love,7,
Sleepy Sun,Fever,7,
Smith Westerns,Dye It Blonde,7,
Snake Oil,Snake Oil,7,
St. Vincent,St. Vincent,7,
Sterilizer,Sterilizer,7,
Suckers,Wild Smile,7,
Superorganism,Superorganism,7,
Teen Daze,Four More Years,7,
Teenage Cool Kids,Denton After Sunset,7,
The Act of Estimating as Worthless,Amongst These Splintered Minds...,7,
The Black Keys,Brothers,7,
The Body and Full of Hell,One Day You Will Ache Like I Ache ,7,
The Field,Looping State of Mind,7,
The Gaslamp Killer,Death Gate,7,
The Horrors,Skying,7,
The Mars Volta,Noctourniquet,7,
The Men,Open Your Heart,7,
The Mountain Goats,Transcendental Youth,7,
The New Pornographers,Together,7,
The Strange Boys,Live Music,7,
The Strokes,Angles,7,
Thou,Summit,7,
Tierra Whack,Tierra Whack,7,
Title Fight,Floral Green,7,
Titus Andronicus,The Monitor ,7,
Tobacco,Maniac Meat,7,
Tom Waits,Bad As Me,7,
Touche Amore,Parting the Sea Between Brightness and Me,7,
Trap Them,Darker Handcraft,7,
Tribulation,Down Below,7,
tUnE-yArDs,W H O K I L L,7,
Tyler, The Creator,Bastard,7,
Ulcerate,The Destroyers of All,7,
Unsane,Wreck,7,
Various Artists,Brand New Wayo,7,
Various Artists,Cloud Cuckooland,7,
Viet Cong,Viet Cong,7,
Weedeater,Jason...The Dragon,7,
Weezer,Hurley,7,
wifisfuneral,Boy Who Cried Wolf,7,
Wilco,The Whole Love,7,
Wild Beasts,Smother,7,
Wild Flag,Wild Flag,7,
Wild Nothing,Gemini,7,
William Basinski,A Shadow In Time ,7,
Woods,Bend Beyond,7,
Wreck and Reference,No Youth,7,
Young Thug,Jefferey,7,
Zammuto,Idiom Wind,7,
Beyonc\xc3\xa9,Beyonc\xc3\xa9,6,
M.I.A.,ViCKi LEEKX,6,
Das Racist,Shut Up, Dude / Sit Down, Man,6,
Earth,Angels of Darkness, Demons of Light II,6,
2 8 1 4,Rain Temple ,6,
Active Child,You Are All I See,6,
Animal Collective,Centipede Hz,6,
Arabrot,Arabrot,6,
Ariel Pink's Haunted Graffiti,Mature Themes,6,
Atlas Sound,Parallax,6,
Autolux,Transit Transit,6,
Babyfather,BBF,6,
Bad Meets Evil,Hell: The Sequel,6,
Battles,Dross Glop,6,
Beirut,The Rip Tide,6,
Belle and Sebastian,Belle and Sebastian Write About Love,6,
Big Boi,Sir Lucious Left Foot: The Son of Chico Dusty,6,
Black Breath,Slaves Beyond Death,6,
Black Mountain,Wilderness Heart,6,
Bobby Womack,The Bravest Man In the Universe,6,
Bon Iver,Bon Iver,6,
Boris,Heavy Rocks / Attention Please,6,
BTS,Tear,6,
Burzum,Fallen,6,
California X,California X,6,
Caribou,Swim ,6,
Cass McCombs,Humor Risk,6,
Caustic Window,Caustic Window,6,
Charlie Haden & Hank Jones,Come Sunday,6,
Clark,Clark,6,
Crystal Stilts,Radiant Door,6,
CX KiDTRONiK,KRAK ATTACK 2: THE BALLAD OF ELLI SKIFF,6,
Czarface,a Fistful of Peril ,6,
Czarface,Czarface,6,
Das Racist,Relax,6,
Devo,Something For Everybody,6,
Dirty Projectors,Swing Lo Magellan,6,
Dizzee Rascal,Raskit,6,
Drake,Take Care,6,
Dweller On the Threshold,Dweller On the Threshold,6,
El-P,Cancer for Cure,6,
Electric Wizard,Black Masses,6,
Emeralds,Does It Look Like I'm Here?,6,
Evian Christ,Kings and Them,6,
Eyehategod,Eyehategod,6,
Factory Floor,Factory Floor,6,
Fashawn,Higher Learning Vol. 2,6,
Flatbush Zombies,3001: A Laced Odysses ,6,
Foo Fighters,Wasting Light,6,
Glass Animals,How To Be a Human Being,6,
Gonjasufi,MU.ZZ.LE,6,
Grizzly Bear,Shields,6,
Guardian Alien,See the World Given to a One Love Entity,6,
Guided by Voices,Let's Go Eat the Factory,6,
Guilty Simpson,OJ Simpson,6,
Happy Birthday,Happy Birthday,6,
Hella,Tripper,6,
Holy Other,Held,6,
How To Dress Well,What Is This Heart?,6,
How To Dress Well,Total Loss,6,
Interpol,El Pintor,6,
Iron Maiden,The Final Frontier,6,
Iron Reagan,Crossover Ministry ,6,
J. Cole,Cole World: The Sideline Story,6,
Jack White,Blunderbuss,6,
Jeff Rosenstock,Post,6,
Jesu / Sun Kil Moon,Self-Titled ,6,
JJ DOOM,Key to the Kuffs,6,
John Vanderslice,White Wilderness,6,
Jonsi,Go ,6,
Kanye West,My Beautiful Dark Twisted Fantasy,6,
Kid Cudi,Man on the Moon II: The Legend of Mr. Rager,6,
Kuedo,Severant,6,
Lapalux,When You're Gone,6,
Liars,Sisterworld ,6,
Lotus Plaza,Spooky Action at a Distance,6,
Lou Reed and Metallica,Lulu,6,
Machinedrum,Room(s),6,
Matmos and So Percussion,Treasure State,6,
MellowHype,BlackenedWhite,6,
Meshuggah,Koloss,6,
Metallica,Hard Wired...To Self Destruct ,6,
METZ,METZ,6,
mewithoutYou,Ten Stories,6,
MGMT,MGMT,6,
Mission of Burma,Unsound,6,
Mono/Poly,Paramatma,6,
Moonface,With Siinai: Heartbreaking Bravery,6,
Mumford & Sons,Babel,6,
My Brightest Diamond,All Things Will Unwind,6,
Mykrur,Maredidt,6,
New Order,Music Complete,6,
Niki and the Dove,Instinct,6,
Nine Inch Nails,Add Violence,6,
No Age,Everything In Between,6,
Nujabes,Spiritual State,6,
Old Man Gloom,NO,6,
Oneohtrix Point Never,Age Of ,6,
Ought,Room Inside the World,6,
Passion Pit,Gossamer,6,
Pianos Become the Teeth,The Lack Long After,6,
Portugal. The Man,In the Mountain In the Cloud,6,
PUP,The Dream is Over,6,
Purity Ring,Shrines,6,
Radiohead,The King of Limbs,6,
Rae Sremmurd,SremmLife2,6,
Red Horse,Red Horse,6,
Rush,Clockwork Angels,6,
Shad,TSOL,6,
Squarepusher,Ufabulum,6,
St. Vincent,MASSEDUCATION,6,
Sufjan Stevens,The Age of Adz,6,
Swans,My Father Will Guide Me Up a Rope to the Sky,6,
Tame Impala,Innerspeaker,6,
Teebs,Ardour,6,
The Black Keys,El Camino,6,
The Front Bottoms,Back On Top,6,
The Men,Leave Home,6,
The Morning Benders,Big Echo ,6,
The National,High Violet,6,
The Smashing Pumpkins,Oceania,6,
The Spits,The Spits,6,
The Vaccines,What Did You Expect From the Vaccines?,6,
The War On Drugs,Slave Ambient,6,
This Will Destroy You,Tunnel Blanket,6,
Tonetta,777 Volume One,6,
Toro Y Moi,Underneath the Pine,6,
TV on the Radio,Nine Types of Light,6,
Ty Segall ,Ty Segall,6,
Villagers,Becoming A Jackal,6,
Warpaint,The Fool,6,
Washed Out,Within and Without,6,
Watain,Lawless Darkness,6,
Wolf Parade,Expo 86,6,
Wolves in the Throne Room,Thrice Woven,6,
Wolves In the Throne Room,Celestial Lineage,6,
Wu-Block,Wu-Block,6,
Wu-Tang Clan,A Better Tomorrow,6,
Cage the Elephant,Thank You, Happy Birthday,5,
Justice,Audio, Video, Disco,5,
Bon Iver,22, A Million,5,
A Place To Bury Strangers,Onwards To The Wall,5,
A$AP Mob,The Cozy Tapes Vol. 1: Friends,5,
Alcest,Les Voyages de l'me,5,
American Football,Self Titled (LP2),5,
Arca,Arca,5,
Arctic Monkeys,Suck It and See,5,
Artic Monkeys,Tranquillity Based Hotel + Casino,5,
Autechre,Oversteps ,5,
Avey Tare,Down There,5,
Benjamin Clementine,I Tell a Fly,5,
Best Coast,Crazy For You,5,
Bibio,Mind Bokeh,5,
Black Dice,Mr. Impossible,5,
Broken Bells,Broken Bells ,5,
Club 8,The People's Record,5,
Common,Black America Again,5,
Cut Copy,Zonoscope,5,
Cyhi the Prince,No Dope on Sundays,5,
Dan Deacon,America,5,
Darkthrone,Circle the Wagons ,5,
David Lynch,Crazy Clown Time,5,
Descendents ,Hypercaffium Spazzinate ,5,
Domo Genesis,No Idols,5,
Drenge,Undertow,5,
Efterklang,Piramida,5,
Explosions In the Sky,Take Care, Take Care, Take Care,5,
Fetty Wap,Fetty Wap,5,
Fucked Up,David Comes to Life,5,
Future,Future ,5,
Ghost,Infestissumam,5,
Girls,Broken Dreams Club,5,
Gorillaz,The Fall,5,
Grimes,Visions,5,
Gucci Mane,Mr. Davis,5,
Iggy and the Stooges,Raw Power  (Legacy Remaster),5,
Interpol,Interpol,5,
James Blake,The Colour In Everything,5,
James Blake,Enough Thunder,5,
Japandroids,Celebration Rock,5,
Jesu,Ascension,5,
Juice WRLD,Goodbye & Good Riddance ,5,
Justice,Women,5,
Justin Bieber,Purpose,5,
Kanye West & Jay-Z,Watch the Throne,5,
Kodak Black,Project Baby 2,5,
Kreator,Phantom Antichrist,5,
Laura Marling,Semper Fermina,5,
Leonard Cohen,Old Ideas,5,
Liars,TFCF,5,
Logic,Everybody  ,5,
Logic,Bobby Tarantino ,5,
Lupe Fiasco,Food & Liquor 2: The Great American Rap Album Pt. 1,5,
Mac Miller,Blue Slide Park,5,
Mark Ronson & The Business Intl.,Record Collection,5,
Mastodon,The Hunter,5,
Matt & Kim,Sidewalks,5,
Melvins,The Bride Screamed Murder,5,
MIA,Maya (/\\/\\ /\\ Y /\\),5,
Mick Jenkins,The Healing Component ,5,
Milo,A Toothpaste Suburb,5,
Mount Eerie,Ocean Roar,5,
My Morning Jacket,Circuital,5,
NehruvianDOOM,NehruvianDOOM,5,
Neil Young,Le Noise,5,
of Montreal,False Priest,5,
Om,Advaitic Songs,5,
Opeth,Pale Communion,5,
Opeth,Heritage,5,
Panda Bear,Tomboy,5,
Quakers,Quakers,5,
R\xc3\xb6yksopp,Senior,5,
Raekwon,Shaolin vs. Wu-Tang,5,
Red Hot Chili Peppers,I'm With You,5,
Rotten Sound,Cursed,5,
Royal Blood,Royal Blood,5,
Samiyam,Sam Baker's Album,5,
Schoolboy Q,Habits & Contradictions,5,
Shabazz Palaces,Quazarz vs. The Jealous Machines,5,
Shobaleader One (Squarepusher),d'Demonstrator,5,
Skepta,Vicous,5,
Sleigh Bells,Reign of Terror,5,
Slim Jxmmi,Jxmtro,5,
Spaceghostpurrp,Mysterious Phonk: The Chronicles of SpvcxxGhxztPvrrp,5,
Tera Melos,Patagonian Rats,5,
The Budos Band,The Budos Band III,5,
The Dead Weather,Sea of Cowards,5,
The Drums,Portamento,5,
The Faceless,Autotheism,5,
The Lonely Island,Turtleneck and Chain,5,
The Maccabees,Given to the Wild,5,
The Magnetic Fields,Love at the Bottom of the Sea,5,
The Shins,Port of Morrow,5,
The Smith Street Band,More Scared Than You Than You Are of Me,5,
The Underachievers,The Lords of Flatbush,5,
The Walkmen,Lisbon,5,
The Weeknd,My Dear Melancholy,5,
They Might Be Giants,Join Us,5,
Twin Shadow,Confess,5,
Unknown Mortal Orchestra,Unknown Mortal Orchestra,5,
Wire,Red Barked Tree,5,
Woods,Sun and Shade,5,
WU LYF,Go Tell Fire To The Mountain,5,
Yelawolf,Radioactive,5,
Yuck,Yuck,5,
Zach Hill,Face Tat,5,
The Internet,Purple Naked Ladies,4,
2 Chainz,Based on a T.R.U. Story,4,
9th Wonder,The Wonder Years,4,
A$AP Mob,Cozy Tapes Vol. 2,4,
Abe Vigoda,Crush,4,
B.o.B.,Strange Clouds,4,
Black Milk,Album of the Year,4,
Bring Me The Horizon,Sempiternal,4,
Broken Social Scene,Forgiveness Rock Record ,4,
Burzum,Belus ,4,
Chromatics,Kill For Love,4,
Cults,Cults,4,
Feist,Metals,4,
Foals,Total Life Forever,4,
Harry Styles,Harry Styles,4,
How To Dress Well,Love Remains,4,
Jessie Ware,Devotion,4,
Kings of Leon,Come Around Sundown,4,
Klaxons,Surfing the Void,4,
Lil Uzi Vert,Lil Uzi Vert vs. The World,4,
M83,Hurry Up, We're Dreaming,4,
Majid Jordan,Self-Titled ,4,
Manchester Orchestra,Simple Math,4,
Nas,Life Is Good,4,
Panopticon,The Scars of Man on the Once Nameless Wilderness ,4,
Ratking,700-FILL,4,
Slipknot,.5: The Gray Chapter,4,
Slowdive,Slowdive,4,
Tennis,Young & Old,4,
The Antlers,Burst Apart,4,
The Cool Kids,When Fish Ride Bicycles,4,
The Decemberists,The King Is Dead,4,
The Fresh & Onlys,Play It Strange,4,
The Kills,Blood Pressures,4,
The Neighborhood,The Neighborhood,4,
The xx,Coexist,4,
Tyler, The Creator,Goblin,4,
Wale,Ambition,4,
White Lies,Ritual,4,
Willis Earl Beal,Acousmatic Sorcery,4,
Xasthur,Portal of Sorrow,4,
A$AP Mob,Lord$ Never Worry,3,
Anika,Anika,3,
Bad Brains,Into the Future,3,
Beady Eye,Different Gear, Still Speeding,3,
Best Coast,The Only Place,3,
Cerebral Ballzy,Cerebral Ballzy,3,
Curren$y,The Stoned Immaculate,3,
Edward Sharpe & The Magnetic Zeros,Edward Sharpe & The Magnetic Zeros,3,
Foxing,Dealer,3,
jj,Kills,3,
Lamb of God,Resolution,3,
Lana Del Rey,Born to Die,3,
Lil B,Angels Exodus,3,
Lil Uzi Vert,Luv is Rage 2,3,
Lil Uzi Vert,The Perfect Luv Tape,3,
Lil Wayne,Tha Carter IV,3,
Lupe Fiasco,Lasers,3,
Macklemore,Gemini,3,
Marilyn Manson,Born Villain,3,
Mellowhype,Numbers,3,
Metric,Synthetica,3,
Muse,The 2nd Law,3,
Neon Indian,Era Extra\xc3\xb1a,3,
Portugal. The Man,American Ghetto ,3,
Rick Ross,God Forgives, I Don't,3,
Rustie,Green Language,3,
Shabazz Palaces,Quazarz: Born on a Gangster Star,3,
Slaughterhouse,Welcome to: Our House,3,
Sleigh Bells,Treats,3,
The Knife,Tomorrow, In A Year,3,
The Strokes ,Future Present Past,3,
The Weeknd,House of Balloons,3,
Tory Lanez,Memories Don\xe2\x80\x99t Die,3,
Travis Scott,Birds in the Trap Sing McKnight,3,
WZRD,WZRD,3,
A$AP Ferg,Always Strive and Prosper,2,
Childish Gambino,Camp,2,
Planningtorock,W,2,
Salem,King Night,2,
Spark Master Tape,Silhouete of a Sunkken City,2,
Uffie,Sex Dreams and Denim Jeans,2,
VARIOUS ARTISTS,Space Heads,2,
Swae Lee,Swaecation,1,
Kid Cudi,Speedin' Bullet To Heaven,0,
